km2,road_km_per_km2,building_area_pct,green_area_pct,city,label
0.17255975911623034,0.0,0.0,192.1021588909698,Banyumas,rendah
0.669658069872533,5.976228571236654,41.631541512179,168.07913015193813,Banyumas,rendah
0.5758038402284976,0.8509062126324247,54.75240396065549,179.6874822593355,Banyumas,rendah
0.20072282427756688,0.0,0.0,120.91646094833786,Banyumas,rendah
0.9660117301133628,1.336215082296599,19.66926036027326,139.77029090719847,Banyumas,rendah
1.0,4.706751107727617,66.52255068662221,167.9101004929486,Banyumas,sedang
0.8448553451171262,3.539199959034047,78.42489197728642,137.2410584479361,Banyumas,sedang
0.297468885537546,1.5739952174530427,17.95884918992873,262.39428338408237,Banyumas,rendah
1.0,1.3627894020927214,45.55766848175776,78.05413504968602,Banyumas,sedang
0.9823908046211454,5.378982389394432,52.76636967050932,7.883437831354972,Banyumas,sedang
0.11474396249523623,2.3110245384433767,60.52343563181372,0.0,Banyumas,sedang
0.1616797586338569,0.0,0.0,0.0,Banyumas,sedang
1.0,0.0,3.608425531902536,2.5854847156364817,Banyumas,sedang
1.0,5.570001915339435,33.76124303389278,0.0,Banyumas,sedang
0.8099019360787577,1.1000761754777075,34.01525227809156,20.07683605734606,Banyumas,sedang
0.009800992952124329,0.0,0.0,1223.2958466484474,Banyumas,rendah
0.13599926216047742,0.0,0.0,0.0,Banyumas,sedang
1.0,0.0,0.0,3.698415161634938,Banyumas,sedang
1.0,6.469414633824383,25.415198198490717,14.211702551803365,Banyumas,sedang
1.0,5.582795082555437,22.908674092135705,31.13009749915756,Banyumas,sedang
0.6805478733339255,1.3020398052852722,1.7392277657415325,23.880074800288895,Banyumas,sedang
0.5250992170722967,0.0,0.0,0.0,Banyumas,sedang
0.04831137309455403,26.27535561133493,0.0,0.0,Banyumas,sedang
0.061516983782023596,0.0,0.0,0.0,Banyumas,sedang
0.013140188732483939,0.0,0.0,0.0,Banyumas,sedang
0.020259381449423547,0.0,0.0,0.0,Banyumas,sedang
0.21589302483138512,0.0,0.0,0.0,Banyumas,sedang
1.0,0.0,0.0,3.698415161634938,Banyumas,sedang
1.0,3.4490696399378757,7.630838752443162,12.806988347127943,Banyumas,sedang
1.0,6.926500342758532,50.588023199898956,38.174248552490184,Banyumas,sedang
1.0,0.0,0.0,0.0,Banyumas,sedang
1.0,0.0,15.875903993847167,34.71781485447749,Banyumas,sedang
0.8825858447931,2.787010176265711,36.788038733161166,42.277147870363535,Banyumas,sedang
0.9835365816209666,0.0,0.0,0.0,Banyumas,sedang
0.8426812678591714,5.853472883824752,22.475605618707167,60.126442935406885,Banyumas,sedang
0.5575115976447076,0.8342412903613303,22.759091707239072,162.0879659461902,Banyumas,rendah
0.540558403193004,0.0,0.0,0.0,Banyumas,sedang
1.0,0.0,8.852898058617892,33.95233213231865,Banyumas,sedang
1.0,1.0850533913275329,28.80772004298478,64.4526116340028,Banyumas,sedang
1.0,7.418350903114055,65.23097178748789,51.667176952819325,Banyumas,sedang
1.0,4.455437479101012,12.580658220714804,48.36486566897383,Banyumas,sedang
1.0,5.66447239461631,42.89714325118082,103.43081102902833,Banyumas,rendah
1.0,6.912652990099762,60.96494374016914,74.16770302396526,Banyumas,sedang
1.0,3.4793089784839037,25.040956882502286,34.105187577294025,Banyumas,sedang
1.0,11.587398005930364,32.97449248662783,132.73247104727568,Banyumas,sedang
0.9549105795575188,3.1936092078102716,13.31815670254072,103.90274843981129,Banyumas,rendah
0.47926365180891295,3.6398956454822007,0.0,49.818090158640906,Banyumas,sedang
0.33012910302349824,0.0,0.0,0.0,Banyumas,sedang
0.16859760904258378,0.0,0.0,96.40393445178545,Banyumas,rendah
0.0004400010148765609,0.0,0.0,0.0,Banyumas,sedang
0.36882354327138034,0.0,0.0,0.0,Banyumas,sedang
0.050908037649579435,0.0,0.0,0.0,Banyumas,sedang
0.0034924952755040254,0.0,0.0,0.0,Banyumas,sedang
0.8032745187035911,0.0,25.918723536159888,0.0,Banyumas,sedang
1.0,0.0,20.81985017392027,126.8093579577521,Banyumas,rendah
1.0,3.7109807060100697,48.36492428293796,117.9419879670796,Banyumas,rendah
1.0,4.183564313489224,31.971093790119344,67.0311646695346,Banyumas,sedang
1.0,0.0,0.5161762540892134,38.36486263090274,Banyumas,sedang
1.0,4.392635178317146,0.63112380511877,79.88628934995769,Banyumas,sedang
1.0,1.2246939303512963,54.62332361130675,51.854585359010976,Banyumas,sedang
1.0,3.9506223130109412,48.70545110561539,33.85829633164612,Banyumas,sedang
1.0,3.7375209188159526,47.432695243492724,58.24315468550413,Banyumas,sedang
1.0,5.837605003216936,40.21069990971504,84.87240540794099,Banyumas,sedang
1.0,5.393094907520242,15.391651048603613,28.11573027061375,Banyumas,sedang
1.0,0.0,0.0,33.91484991872837,Banyumas,sedang
0.7844505451453596,1.2331232206211673,71.48420759152911,70.0647519378695,Banyumas,sedang
0.21952425517992158,7.923573509475459,253.37116703574404,0.02557180071197928,Banyumas,tinggi
0.03313830557347539,10.74825090976744,0.03332071924935132,0.1469955229774917,Banyumas,sedang
0.12171691088340537,0.0,0.0,0.0,Banyumas,sedang
0.8762739955275942,0.0,0.0,52.21087959597692,Banyumas,sedang
1.0,0.770266825248391,2.605820541675134,14.863378556685522,Banyumas,sedang
0.9234547312096995,0.0,0.0,2.6336558089073683,Banyumas,sedang
0.9640086177638792,0.0,5.456800558592327,6.034369121782092,Banyumas,sedang
1.0,1.0913522022269417,5.260402763901754,76.29108601760942,Banyumas,sedang
1.0,4.612354887290001,42.07615597682236,128.0266940083529,Banyumas,rendah
1.0,5.859876366366312,38.12526466749275,128.26808364124497,Banyumas,rendah
1.0,1.211349909695933,15.074095056136983,82.70569427428043,Banyumas,sedang
1.0,0.0,0.0,31.35095512842925,Banyumas,sedang
1.0,5.329169153044656,11.94146123128677,44.12260548397431,Banyumas,sedang
1.0,3.7280079072504866,61.256286714543876,10.425791098925941,Banyumas,sedang
1.0,7.836879769886427,43.72717284710592,35.38104735739134,Banyumas,sedang
1.0,2.3763527265026463,17.632469740090876,12.763205824457163,Banyumas,sedang
1.0,6.1727494195866575,52.80004158036861,120.9788212722852,Banyumas,rendah
1.0,7.25523965102012,101.30269103865248,109.55000335379643,Banyumas,sedang
1.0,6.818995216787914,109.06884885353472,65.94132711651669,Banyumas,sedang
1.0,8.667363206671077,111.08071910540636,129.6150624683778,Banyumas,sedang
1.0,4.672362784729321,59.36033271279021,87.59202382232908,Banyumas,sedang
0.8740923966682262,0.0,0.0,167.18908826724953,Banyumas,rendah
0.2734661248225385,0.0,0.0,0.0,Banyumas,sedang
0.24858842326496083,0.0,0.0,0.0,Banyumas,sedang
0.9399507802325061,0.0,0.0,71.83505513714195,Banyumas,sedang
1.0,2.094897286261655,20.460754316001996,71.76831445074863,Banyumas,sedang
1.0,0.8758605822642211,0.0,59.61931128389718,Banyumas,sedang
1.0,0.0,0.0,0.0,Banyumas,sedang
1.0,2.6369889755466787,6.971494798903214,20.785730313575527,Banyumas,sedang
1.0,5.789239468964881,32.53218924062109,90.58120578777354,Banyumas,sedang
1.0,4.449775752078776,55.291123476836525,132.7586527870899,Banyumas,rendah
1.0,5.297013453837528,51.053786342883875,73.91571715132982,Banyumas,sedang
1.0,1.627416948905111,16.818171056185,53.11727320421083,Banyumas,sedang
1.0,0.0,0.0,0.0,Banyumas,sedang
1.0,4.465564834999965,13.774171044130066,7.00528879381436,Banyumas,sedang
1.0,2.8638444781609613,50.290097098739615,15.097324119290539,Banyumas,sedang
1.0,4.427911358493851,51.713082189756086,38.40429289300312,Banyumas,sedang
1.0,4.113739733388419,13.153978474551534,113.31009437018358,Banyumas,rendah
1.0,3.1976385881242897,37.14677719250721,149.06509705862877,Banyumas,rendah
1.0,9.450589691646885,126.08865225268993,153.3809945817778,Banyumas,sedang
1.0,7.010462855082687,155.4285973507537,105.58265982685558,Banyumas,sedang
1.0,0.3265072733111094,130.1215806712582,157.41165779869596,Banyumas,sedang
1.0,0.0,1.5502091096430561,235.2288503607797,Banyumas,rendah
1.0,0.0,0.0,266.45803701495436,Banyumas,rendah
0.28893653130227814,0.0,0.0,706.1637799930847,Banyumas,rendah
0.6871129674131016,0.0,0.0,0.0,Banyumas,sedang
1.0,1.7288700440621845,0.0,52.439048894509135,Banyumas,sedang
1.0,2.2854445717223717,17.898373222336637,63.92690839953655,Banyumas,sedang
1.0,0.0,0.0,0.0,Banyumas,sedang
1.0,4.431680464454,31.948866428168447,24.50739590371263,Banyumas,sedang
1.0,6.974889612193268,45.61426582283224,49.24277391404161,Banyumas,sedang
1.0,8.491308487515147,66.82020612370404,148.4548667323692,Banyumas,sedang
1.0,2.5803488979335345,20.590202875337166,148.04938576633054,Banyumas,rendah
1.0,1.8424295262190535,20.590202875337166,104.88318366813661,Banyumas,rendah
1.0,0.0,0.0,5.953698614365289,Banyumas,sedang
1.0,0.0,66.85126885755321,41.06596033230291,Banyumas,sedang
1.0,3.9724517759304643,69.4069865114732,34.1054220216693,Banyumas,sedang
1.0,0.2906779395622082,4.044843395855204,2.649939433109671,Banyumas,sedang
1.0,5.269260287436696,17.593136229032236,18.32283199908322,Banyumas,sedang
1.0,9.678819425612868,0.0,33.72826049199137,Banyumas,sedang
1.0,9.164594143955142,29.768576809228314,68.99282732055842,Banyumas,sedang
1.0,2.9748725758798686,101.92488159063215,108.12927089087951,Banyumas,sedang
1.0,7.282890830761429,153.29584988005743,53.31378949380592,Banyumas,sedang
1.0,6.808004589282014,67.01571168836938,74.21476472276028,Banyumas,sedang
1.0,0.0,0.0,62.72920700805825,Banyumas,sedang
1.0,0.0,0.0,270.96101303945034,Banyumas,rendah
0.30012525070323204,0.0,0.0,902.8644001731047,Banyumas,rendah
0.0005171154172523635,0.0,0.0,0.0,Banyumas,sedang
0.9164615365010913,0.0,0.0,0.0,Banyumas,sedang
1.0,3.2609389819548307,25.026007441642594,29.086194946317523,Banyumas,sedang
1.0,0.0,0.0,0.0,Banyumas,sedang
1.0,5.172775009903097,26.450779738036996,23.991081486773005,Banyumas,sedang
1.0,4.258867142514237,38.17492742263104,27.95577949935763,Banyumas,sedang
1.0,0.0,3.836249463045025,45.56888041483469,Banyumas,sedang
1.0,2.8616177974826367,24.50103233053933,238.58173255026176,Banyumas,rendah
1.0,0.0,2.713344134536827,199.10785464770188,Banyumas,rendah
1.0,0.0,0.0,75.37363567432533,Banyumas,sedang
1.0,0.0,0.0,38.9889879380017,Banyumas,sedang
1.0,3.3100165317688264,70.5755583768039,111.38660170776087,Banyumas,sedang
1.0,6.491199518781477,121.53469359724214,104.42032936130725,Banyumas,sedang
1.0,8.504041479178913,79.38243955422995,29.542832967008252,Banyumas,sedang
1.0,4.814139507125638,105.51920344239298,26.182840212920993,Banyumas,sedang
1.0,3.644443631454751,28.70426283279871,22.917647592786043,Banyumas,sedang
1.0,3.5902385314903946,12.012075962145243,34.10833846287611,Banyumas,sedang
1.0,0.0,8.065764144156923,5.306563142415006,Banyumas,sedang
1.0,4.345808379798464,36.94492358345722,15.181417802566852,Banyumas,sedang
1.0,7.147384158371631,31.183271190700047,16.417509326379946,Banyumas,sedang
1.0,3.3064966724451277,10.749869204425758,6.33678835896556,Banyumas,sedang
1.0,2.972993271865891,1.5728748982673204,160.4414895960122,Banyumas,rendah
0.2907798011574232,6.548015749848189,0.0,551.7628423892893,Banyumas,rendah
0.4998745602144375,3.7038097012856843,18.1939536808326,0.0019130438842705432,Banyumas,sedang
0.6037557659207048,0.0,0.0,0.0,Banyumas,sedang
1.0,0.0,0.0,0.0,Banyumas,sedang
1.0,2.405314914311929,13.190633078457214,22.656071008562694,Banyumas,sedang
1.0,0.0,0.0,0.0,Banyumas,sedang
1.0,2.0087350124837147,3.582137373263431,2.8931311154636816,Banyumas,sedang
1.0,0.0,0.0,0.0,Banyumas,sedang
1.0,0.0,0.0,39.18714306377081,Banyumas,sedang
1.0,0.0,0.0,99.60520622608001,Banyumas,rendah
1.0,0.0,0.0,68.01591154044337,Banyumas,sedang
1.0,0.0,0.0,0.0,Banyumas,sedang
1.0,0.49875886065317276,31.160184324871988,21.08393329248667,Banyumas,sedang
1.0,4.507109417632714,46.188818217150576,65.86784713407393,Banyumas,sedang
1.0,1.6113107130336644,25.97841233332985,76.90150118281731,Banyumas,sedang
1.0,4.855266314805558,67.10750761363398,32.91290168301971,Banyumas,sedang
1.0,0.8990344070368541,98.31215159686552,82.61191174469464,Banyumas,sedang
1.0,0.0,0.0,82.883474611302,Banyumas,sedang
1.0,2.5286706742074587,0.0,43.51012873567118,Banyumas,sedang
1.0,2.7224768481699795,16.98684051799181,48.17971997846621,Banyumas,sedang
1.0,0.0,3.4514368482519875,47.376952172874645,Banyumas,sedang
1.0,5.400741754788084,23.7496227894507,34.117228486028125,Banyumas,sedang
1.0,2.6467886990733107,13.525181974640827,36.760230424914425,Banyumas,sedang
1.0,0.0,0.0,14.201310229955869,Banyumas,sedang
0.24598210135868007,2.4390603846105003,0.0,0.0,Banyumas,sedang
0.07373936800076696,4.619263636233781,0.0,0.0,Banyumas,sedang
0.9589542877495192,3.0940501507356863,10.240558125712017,0.0,Banyumas,sedang
1.0,0.0,0.0,0.0,Banyumas,sedang
1.0,0.0,0.0,43.023782229267844,Banyumas,sedang
1.0,2.5476284668839377,0.0,8.04460820690029,Banyumas,sedang
1.0,3.4007195021727865,40.405887311972194,26.706393022668994,Banyumas,sedang
1.0,3.262037935618652,37.13492889631473,55.549384658376255,Banyumas,sedang
1.0,2.0011376405305743,15.906439896515062,27.25110231345223,Banyumas,sedang
1.0,0.7983254230970054,6.569524111927174,9.16735554048998,Banyumas,sedang
1.0,0.0,0.0,45.984250610662535,Banyumas,sedang
1.0,1.6778017836249586,10.401270120956308,46.84976019787048,Banyumas,sedang
1.0,5.19019835206147,9.148458910090246,62.13808033878805,Banyumas,sedang
1.0,5.436140585497014,50.15706963377882,89.27624050136495,Banyumas,sedang
1.0,6.929560128394114,41.83997834111812,53.34897990534896,Banyumas,sedang
1.0,5.513501388430507,17.894609841728595,13.035235180774892,Banyumas,sedang
1.0,2.9778174624347375,17.839819334520403,127.4076121487239,Banyumas,rendah
1.0,0.0,2.1417388452329393,203.35390366135456,Banyumas,rendah
1.0,2.3073101946469374,8.04185888381131,96.69200330459445,Banyumas,rendah
1.0,0.9734456102783715,29.23000176723492,39.023974743889674,Banyumas,sedang
1.0,4.555418920505652,74.38480663814225,48.78994440989793,Banyumas,sedang
1.0,2.2734280070266615,44.99082888410604,3.798021900047884,Banyumas,sedang
1.0,0.7876418014981262,4.174485740301007,22.558920194958553,Banyumas,sedang
1.0,5.092090737776904,76.61622914970913,39.64772785503079,Banyumas,sedang
1.0,0.8316181462861028,76.61622914970913,31.730850310498333,Banyumas,sedang
0.2267673475962936,0.0,0.0,39.887663787849945,Banyumas,sedang
0.4653724708893022,3.742137206689916,0.0,0.0,Banyumas,sedang
1.0,2.2460498392312283,42.59961893953908,13.34482419836592,Banyumas,sedang
1.0,3.395373972096501,42.59961893953908,78.3447989666469,Banyumas,sedang
1.0,0.0,22.676083665583917,88.85007712387286,Banyumas,sedang
1.0,4.068420924245611,47.518080132846904,22.041662525789228,Banyumas,sedang
1.0,2.592909958344392,60.620684499058996,56.12653051423996,Banyumas,sedang
1.0,4.479085587413399,36.926866271307304,62.065311277570615,Banyumas,sedang
1.0,2.195949607510663,12.08104141447583,52.09675987875914,Banyumas,sedang
1.0,0.0,4.847149785693127,47.61517028877819,Banyumas,sedang
1.0,1.5718693880560346,37.13938189875621,75.66708134304811,Banyumas,sedang
1.0,4.42715004295217,42.3740935950405,34.956003585192235,Banyumas,sedang
1.0,3.8267537125289124,12.518073076111877,47.523969512256855,Banyumas,sedang
1.0,0.0,4.737905081120078,143.19605666932998,Banyumas,rendah
1.0,2.447647356392957,4.737905081120078,42.80593491482941,Banyumas,sedang
1.0,3.3545044634736243,32.076679488113776,199.03015057210894,Banyumas,rendah
1.0,0.0,17.839819334520403,227.6193951024285,Banyumas,rendah
1.0,2.018005345546435,14.137695895475558,243.17105258466754,Banyumas,rendah
1.0,6.82380119479007,33.984673772052,201.16504850732287,Banyumas,sedang
1.0,5.2066680161773915,18.45456829680049,77.0197638156305,Banyumas,sedang
1.0,3.609044104300101,64.18395824431721,126.49927467520186,Banyumas,rendah
1.0,2.0597577720578752,61.38323306523294,62.219017231624974,Banyumas,sedang
1.0,2.178534373944237,12.334551616652941,23.207869244794647,Banyumas,sedang
1.0,8.03170905179226,87.94170106044263,5.7785658375699125,Banyumas,tinggi
1.0,5.891280736321375,75.89276464458091,1.2073124540647746,Banyumas,sedang
0.5696664420141198,0.0,0.0,2.980721472468979,Banyumas,sedang
0.03525713087501234,0.0,0.0,0.0,Banyumas,sedang
0.05865770734176347,0.0,0.0,418.27095998853184,Banyumas,rendah
0.940515379592782,1.851631218447587,0.0,26.086564975884468,Banyumas,sedang
1.0,1.2743139427531305,49.06143766130573,28.30677347955801,Banyumas,sedang
1.0,2.3753905254906917,46.863332803886706,86.60963614879206,Banyumas,sedang
1.0,0.0,16.7786981551036,207.6945805988514,Banyumas,rendah
1.0,5.9807061983711804,46.06927129532333,147.2102369042814,Banyumas,rendah
1.0,4.050423886958701,50.80248923715518,38.35659133824353,Banyumas,sedang
1.0,4.043948437129702,32.609956431249934,1.739466731838145,Banyumas,sedang
1.0,2.8185755247378736,7.282375182611625,35.2454436714671,Banyumas,sedang
1.0,3.2502904835457733,9.143787754176568,8.994679217855678,Banyumas,sedang
1.0,2.9817371511784687,25.724624202098077,2.7146151838488,Banyumas,sedang
1.0,0.0,18.620878855205248,19.839820764443804,Banyumas,sedang
1.0,0.1645195663696336,2.5446591538837784,74.36000993522525,Banyumas,sedang
1.0,1.1761867852183883,15.153060517766011,131.91769302073936,Banyumas,rendah
1.0,2.1951006121669554,21.805792987852477,108.50685079513296,Banyumas,rendah
1.0,6.796192888921516,70.14919912784356,202.20568927407197,Banyumas,sedang
1.0,0.0,0.0,191.14964550995035,Banyumas,rendah
1.0,4.428240118156875,39.685142818500836,73.89762430696054,Banyumas,sedang
1.0,6.717919403407197,59.06597127278944,179.8793662777212,Banyumas,sedang
1.0,2.041308255851737,27.230486033092177,67.83669931245481,Banyumas,sedang
1.0,0.8761295042949078,54.22149339354922,127.6091982116856,Banyumas,rendah
1.0,2.635784639123606,18.15885843129397,145.31798724787,Banyumas,rendah
1.0,6.757356895631651,14.829060026416382,29.219476348306422,Banyumas,sedang
0.6794408085719011,9.544845861237212,18.153975241167235,22.011289284969557,Banyumas,sedang
0.8260853749749093,3.0889502778992157,36.68683501670719,11.95353896514511,Banyumas,sedang
0.4046027343832362,0.0,0.0,25.618581831611742,Banyumas,sedang
0.02792720611943343,0.0,0.0,0.0,Banyumas,sedang
0.49094161532862496,3.110113783865242,57.58414260745498,89.75786340314285,Banyumas,sedang
1.0,1.9152578211745954,33.63905584534655,56.21778165471786,Banyumas,sedang
1.0,2.0549176870158967,75.02955719608167,46.6090525459615,Banyumas,sedang
1.0,2.5940803824714327,38.533236648464886,95.19158403782981,Banyumas,rendah
1.0,1.1418937559518647,26.09921428926335,179.14093258686015,Banyumas,rendah
1.0,5.8967271885373975,65.42977943023867,251.6697295002491,Banyumas,sedang
1.0,3.6134625992733707,41.291877583965416,138.58900610283058,Banyumas,rendah
1.0,5.965328029401119,41.21823012648919,32.24506938272574,Banyumas,sedang
1.0,4.455356091642256,7.709370814100989,16.852515891521914,Banyumas,sedang
1.0,2.685539692701934,0.0,0.0,Banyumas,sedang
1.0,4.149922791234119,27.890062835450223,0.0,Banyumas,sedang
1.0,1.7096142376927927,8.842588615102262,31.843188891071595,Banyumas,sedang
1.0,0.0,25.41131582033237,125.62634136904099,Banyumas,rendah
1.0,2.7674965022010674,15.16796799704879,121.49815977083256,Banyumas,rendah
1.0,2.1739832977066467,19.54646632828186,66.46016129506357,Banyumas,sedang
1.0,7.403099107459653,54.739468188379014,43.894590722022706,Banyumas,sedang
1.0,1.8286950952710173,38.92923005674504,79.78232193191891,Banyumas,sedang
1.0,1.465255691429163,27.87504047313183,10.893605450802687,Banyumas,sedang
1.0,4.994729508621514,60.00698302757381,159.47068868412927,Banyumas,rendah
1.0,1.1195527937471053,4.643291842040051,93.84400802809758,Banyumas,rendah
1.0,4.040301021672655,59.680004667442375,85.87566213794625,Banyumas,sedang
1.0,2.4559459525354503,41.44799124917039,70.18474348106606,Banyumas,sedang
1.0,4.312381656929474,19.85032870214995,6.770464332080399,Banyumas,sedang
0.8663279223084218,3.505201448224174,7.493675466774119,0.0,Banyumas,sedang
0.13384284499062984,23.107369628131753,9.258097307501385,0.0,Banyumas,sedang
0.6084308068819376,0.0,0.3828377637239231,95.92192545547869,Banyumas,rendah
1.0,2.27972341764984,67.67832472163829,106.54446054711002,Banyumas,sedang
1.0,5.076115988420406,52.486534811713184,287.28737965600686,Banyumas,rendah
1.0,6.994507473854261,119.9212583110901,245.97669554354442,Banyumas,sedang
1.0,4.835483264222797,202.71589305229242,213.37986196204048,Banyumas,sedang
1.0,8.037244319946105,190.1658222461977,225.78965683880185,Banyumas,sedang
1.0,3.3847972013777405,23.9622170985514,184.38667905361817,Banyumas,rendah
1.0,1.6728426354316372,4.937308212132111,40.668425539223,Banyumas,sedang
1.0,1.3528064629264132,6.207324695647795,0.0,Banyumas,sedang
1.0,2.4014281098271604,0.0,27.212129154525915,Banyumas,sedang
1.0,6.414049122654128,17.901780830475385,40.8443045513936,Banyumas,sedang
1.0,3.947606594637513,12.335682043615225,59.61649037315535,Banyumas,sedang
1.0,1.5041096207036044,50.49053846566807,47.66021365498764,Banyumas,sedang
1.0,3.661024835387997,51.50546044289367,55.30933265719475,Banyumas,sedang
1.0,5.386723256049057,13.130266398274786,70.33759603305934,Banyumas,sedang
1.0,2.1223247689760765,29.413813773872523,55.10505518312091,Banyumas,sedang
1.0,3.8893704834205427,6.133231251975459,26.397022131959464,Banyumas,sedang
1.0,2.975839106025372,17.252454097248116,8.723088102472323,Banyumas,sedang
1.0,3.112568903465427,57.01725822951798,59.64771713534292,Banyumas,sedang
1.0,3.3612057413856866,50.47937442254313,45.505902355491635,Banyumas,sedang
1.0,4.212671038951709,98.05949556709457,14.08711528476597,Banyumas,sedang
1.0,6.023392118078911,85.02773441692936,104.75039441694527,Banyumas,sedang
1.0,5.739452263039096,33.148380207922415,61.04585526136742,Banyumas,sedang
1.0,4.833054208150079,42.46832550023108,13.853135536132601,Banyumas,sedang
0.7281851440071406,4.025323414568599,21.715078111918036,22.2174900613834,Banyumas,sedang
0.2844618041454716,3.7589610971457743,21.803628270392895,0.0,Banyumas,sedang
0.5987387999788085,3.47846204067507,26.244726139005298,0.0,Banyumas,sedang
1.0,0.638213083493953,0.0,109.56606377685685,Banyumas,rendah
1.0,4.160318227204587,71.228182588496,297.9078794414389,Banyumas,sedang
1.0,10.436421665068035,110.45496223593216,318.2732350309926,Banyumas,sedang
1.0,7.24662835315709,278.7820532165587,325.06173605078203,Banyumas,sedang
1.0,12.613017127665783,304.8849611953473,133.9986902921651,Banyumas,sedang
1.0,6.268898785713014,175.8385233246064,160.09405563183648,Banyumas,sedang
1.0,4.189854635230908,83.13733761535131,81.18729022100987,Banyumas,sedang
1.0,6.907136965761188,74.28655126510839,25.4590270897741,Banyumas,sedang
1.0,6.777502544515928,28.98943731565682,54.74434340153791,Banyumas,sedang
1.0,2.0646971556707525,0.0,59.31665225923911,Banyumas,sedang
1.0,0.0,0.0,62.15350020550018,Banyumas,sedang
1.0,0.21820590570584913,49.79452042218699,101.15758994092596,Banyumas,rendah
1.0,4.681328254108743,82.87349528221202,86.61725529839978,Banyumas,sedang
1.0,5.919807940987981,100.67442935340871,119.08867359998978,Banyumas,sedang
1.0,2.581602738551508,105.03666779713367,29.01205024764737,Banyumas,sedang
1.0,8.719834256852327,26.857307316640693,86.2098825540303,Banyumas,sedang
1.0,10.21711110491359,43.05550246680745,76.99358606099707,Banyumas,sedang
1.0,4.1985459432204015,56.85546047229689,64.55333694412711,Banyumas,sedang
1.0,7.320903496401894,78.28681915417997,98.6519298024511,Banyumas,sedang
1.0,3.334261097640792,61.14194085629687,4.675357488288112,Banyumas,sedang
1.0,5.851784552732951,84.38665718346198,65.32686726134754,Banyumas,sedang
1.0,7.617786025925004,25.183963672348426,67.54388500579009,Banyumas,sedang
1.0,7.972229350468495,40.94396497163568,22.53091651292882,Banyumas,sedang
0.6842165355744175,0.7367253320577101,10.10409092158609,8.160726328584515,Banyumas,sedang
0.11310937991323862,6.720563217189931,0.0,65.93240682598557,Banyumas,sedang
0.990052535758547,0.0,0.0,7.532502956078842,Banyumas,sedang
1.0,1.862612614485316,9.219320625767768,24.243452580366405,Banyumas,sedang
1.0,4.85295950946876,18.84292690139023,156.05266983194855,Banyumas,rendah
1.0,5.540706929954222,61.993253194582906,465.2621371849593,Banyumas,rendah
1.0,4.716700446110975,98.29324329948791,438.118275834585,Banyumas,sedang
1.0,10.332545553719584,281.71580101183173,293.2404811142827,Banyumas,sedang
1.0,10.584378535051961,288.63143863958663,109.82682030177536,Banyumas,sedang
1.0,5.065451899311202,187.99595370052168,260.25343683326577,Banyumas,sedang
1.0,3.382442712284504,80.88142374150145,314.55626196340256,Banyumas,sedang
1.0,7.050799344419455,64.25778271473857,260.456769053083,Banyumas,sedang
1.0,7.851215950511863,50.237702843079965,179.31129837764513,Banyumas,sedang
1.0,8.798886892778567,61.92530317379193,40.13387830372502,Banyumas,sedang
1.0,6.264112036395898,68.08637167520459,77.90540604411161,Banyumas,sedang
1.0,7.712133410635092,99.9355401836168,90.58673370057076,Banyumas,sedang
1.0,6.791490228774394,142.19054206019683,94.04972243650231,Banyumas,sedang
1.0,8.987052496920425,146.9748550873435,47.8473484065959,Banyumas,sedang
1.0,5.603166480502961,102.56395457707353,34.525891611103596,Banyumas,sedang
1.0,2.9198046228756485,121.1765262239658,28.450758935648295,Banyumas,sedang
1.0,5.988573962529139,148.65540624299854,41.17244243259229,Banyumas,sedang
1.0,2.4291211126941956,20.502963142806852,0.0,Banyumas,sedang
1.0,8.92264520740315,68.52414772705643,79.20759855901026,Banyumas,sedang
1.0,8.28636590792563,66.13253799650255,85.19144725586114,Banyumas,sedang
1.0,5.396489841603663,35.30707147606082,4.3506750681407995,Banyumas,sedang
1.0,3.3790773724845566,54.183963205670494,30.456845446609123,Banyumas,sedang
1.0,8.034729340916526,33.043024456431475,160.06585145046296,Banyumas,sedang
0.9716613473229463,6.868587938447285,27.110502573191013,172.00214312486366,Banyumas,sedang
0.5226573182329911,9.224574105377005,65.43845649362568,373.2213546671737,Banyumas,sedang
0.14638370905775547,5.0782638293321645,12.303501484166274,64.27727569125057,Banyumas,sedang
0.20134998115726913,5.304922124459188,0.0,0.0017115660332827293,Banyumas,sedang
1.0,1.2618100268071852,7.764097822983537,22.005381509750578,Banyumas,sedang
1.0,4.838733366015188,6.910726403527432,92.19223659036925,Banyumas,rendah
1.0,3.848971615579097,24.52223276156517,187.1900982260755,Banyumas,rendah
1.0,7.888476750442942,72.40238627851447,575.2015861840711,Banyumas,sedang
1.0,2.522680044599043,69.79484162290579,406.554502250562,Banyumas,sedang
1.0,10.585680494058403,176.22242101696048,278.72186043714737,Banyumas,sedang
1.0,5.35574338328314,67.53735036338607,226.98037504352789,Banyumas,sedang
1.0,4.042957541300807,19.339817274385066,384.03664300514333,Banyumas,rendah
1.0,1.3751089279656026,11.65908340684605,545.0582277966985,Banyumas,rendah
1.0,6.959933398482313,37.24933344814876,519.2666822060112,Banyumas,sedang
1.0,1.6049820415953109,10.947829388211895,221.5670376937026,Banyumas,rendah
1.0,3.960641047818251,34.92827955070389,159.74067378056333,Banyumas,rendah
1.0,1.666591518859957,17.5596711901668,100.42554807319164,Banyumas,rendah
1.0,4.198625510120772,84.6186895208875,81.49426767242228,Banyumas,sedang
1.0,3.7614016083673607,130.60810002829925,22.355323602852586,Banyumas,sedang
1.0,5.976048529717322,191.09022347103917,18.859211715874842,Banyumas,sedang
1.0,7.876933697181797,167.25874575703241,93.90274171176671,Banyumas,sedang
1.0,9.342322435392227,178.75436367534576,91.76684817923567,Banyumas,sedang
1.0,11.818336378473886,152.6117596813988,15.580267316003308,Banyumas,sedang
1.0,8.318610365234242,88.40781593006885,0.8732885815779322,Banyumas,tinggi
1.0,9.629278395539233,168.8162203407591,58.57736734788688,Banyumas,sedang
1.0,7.966979902973982,112.60993815588962,0.0,Banyumas,tinggi
1.0,6.089222304302069,61.40093161709065,10.531213856475551,Banyumas,sedang
1.0,6.147680037492887,61.54360770320986,11.289172538176784,Banyumas,sedang
1.0,7.347491366245324,38.10246654255521,179.89805905218114,Banyumas,sedang
1.0,4.747800212776685,41.90474614243788,303.08656436711476,Banyumas,rendah
1.0,7.260906553047625,36.3827903459463,344.8763378858969,Banyumas,sedang
0.9835437631068877,3.2252873145393126,7.9131514698859275,189.23541582162684,Banyumas,rendah
0.6496673769206229,0.0,0.0,93.1286211492365,Banyumas,rendah
0.07447872646795148,0.0,0.0,0.0,Banyumas,sedang
0.2591641201536962,2.8771188089785547,0.0,0.0,Banyumas,sedang
1.0,0.0,0.0,0.0,Banyumas,sedang
1.0,1.9468655195850004,0.0,200.38500311697396,Banyumas,rendah
1.0,1.6884116018694921,44.16234715706444,203.08454291031356,Banyumas,rendah
1.0,4.9155162374005785,65.75987793359752,463.70436697622245,Banyumas,sedang
1.0,5.542167858703928,111.83601550018483,316.8165782242618,Banyumas,sedang
1.0,5.582161791085419,139.89606558712015,221.24302483408016,Banyumas,sedang
1.0,2.802245962875126,7.299378652761465,250.26307231419923,Banyumas,rendah
1.0,0.0,0.0,502.35601028306763,Banyumas,rendah
1.0,1.02531098395391,6.822150697771115,536.3734577999442,Banyumas,rendah
1.0,6.1535088510581435,69.91742006190047,437.5117729876616,Banyumas,sedang
1.0,5.2354539885375795,50.54507084985218,140.03369737834382,Banyumas,rendah
1.0,6.997386940829318,22.813194285884013,49.05619861674929,Banyumas,sedang
1.0,0.0,20.68102763834083,32.79629365916739,Banyumas,sedang
1.0,0.0,0.0,93.53159265277725,Banyumas,rendah
1.0,1.6181256232769687,95.71618499687854,22.194746251226285,Banyumas,sedang
1.0,5.824736586218903,108.57622352713705,22.39380049245779,Banyumas,sedang
1.0,4.156573548941187,29.970370593573058,104.35948055267741,Banyumas,rendah
1.0,4.362888319872086,254.86195364606473,97.07827656494777,Banyumas,sedang
1.0,8.096662953951693,251.47724299706223,0.0,Banyumas,tinggi
1.0,5.6445332059245334,106.99481143999566,0.8732885815779322,Banyumas,sedang
1.0,6.4348493392093555,128.958596204917,2.1641272350817733,Banyumas,sedang
1.0,8.552737528437927,61.73134442098501,0.6197774823745242,Banyumas,sedang
1.0,9.384626437435102,53.572729385525456,0.0,Banyumas,sedang
1.0,6.747573475458876,28.775044718089447,0.0,Banyumas,sedang
1.0,8.866387788712371,0.0,0.0,Banyumas,sedang
1.0,5.399747875081317,6.479296517228411,150.06959198102112,Banyumas,rendah
1.0,1.1904968138734913,18.839646253620543,219.11728177637136,Banyumas,rendah
1.0,0.0,0.0,173.94922004047567,Banyumas,rendah
1.0,0.0,0.0,0.0,Banyumas,sedang
0.5981456935421853,0.0,0.0,0.0,Banyumas,sedang
0.6014875333422037,4.049771582327354,73.34075639522298,0.0,Banyumas,sedang
1.0,1.3071447308190736,61.60682425487502,12.244057840666104,Banyumas,sedang
1.0,7.346512453230892,53.45591964506845,180.41125605014415,Banyumas,sedang
1.0,3.6308127253695712,76.85348755719465,437.19332854281515,Banyumas,sedang
1.0,3.907338707995397,115.35988235454944,384.819478404432,Banyumas,sedang
1.0,9.944932842393072,146.87090949635052,311.1785590430901,Banyumas,sedang
1.0,3.658575380001597,134.9204670389256,65.74505406058215,Banyumas,sedang
1.0,3.9276720548208797,47.12473187761416,170.9519200793846,Banyumas,rendah
1.0,4.225017106002891,31.869706479519095,471.2019647778736,Banyumas,rendah
1.0,3.317141032811029,73.18382859731724,472.86460215755943,Banyumas,sedang
1.0,11.179039916166493,144.24129504207562,420.2845511656734,Banyumas,sedang
1.0,11.1359513656567,93.33333806114081,117.06269142282065,Banyumas,sedang
1.0,7.682484441923559,77.03714778854437,26.63480925726509,Banyumas,sedang
1.0,3.4510052100864574,64.0844269226392,81.14469699950104,Banyumas,sedang
1.0,0.0,0.0,104.23838947558531,Banyumas,rendah
1.0,0.0,157.5908177236381,61.32032008059698,Banyumas,sedang
1.0,7.127801376145628,210.60645550874594,7.675567422078568,Banyumas,tinggi
1.0,5.073102367001936,127.93901794322524,11.868725861621575,Banyumas,sedang
1.0,5.5520517830885385,129.6545705272741,95.37868671252203,Banyumas,sedang
1.0,10.293216283268743,120.04595532856064,24.850555735346017,Banyumas,sedang
1.0,6.614283011695472,85.01177866288145,0.6057628739735313,Banyumas,sedang
1.0,6.0751018448211145,56.90446535633741,4.757096041670528,Banyumas,sedang
1.0,10.495619418246692,55.29279814076236,4.151333167696998,Banyumas,sedang
1.0,8.024081995503327,34.52795127148839,18.505610942340127,Banyumas,sedang
1.0,8.259899582869972,41.415020803905655,47.1386857715767,Banyumas,sedang
1.0,7.46944258018558,34.006917234634294,32.253712884145216,Banyumas,sedang
1.0,4.355811167459907,17.0919105188215,57.310643338167466,Banyumas,sedang
1.0,0.47202231745044737,0.0,15.001677989267776,Banyumas,sedang
1.0,0.0,0.0,0.0,Banyumas,sedang
1.0,0.0,0.0,0.0,Banyumas,sedang
0.7541383401841643,0.0,0.0,0.0,Banyumas,sedang
0.581567276230328,2.757562412905906,75.85287628897312,0.2999779160496789,Banyumas,sedang
1.0,0.8249212533729493,48.13592640712538,60.650451442580824,Banyumas,sedang
1.0,3.9077590186556983,77.30740061338298,99.68616858420312,Banyumas,sedang
1.0,6.244145616804915,94.95481921748818,452.9239311941961,Banyumas,sedang
1.0,7.480994146209014,41.34761922688936,498.10991499215237,Banyumas,sedang
1.0,8.799519065705764,178.91866815255148,395.1271800462294,Banyumas,sedang
1.0,5.190545189688675,64.72220343571975,126.69538448704787,Banyumas,sedang
1.0,3.386250150913956,0.0,71.66417025466365,Banyumas,sedang
1.0,3.8407027639098787,13.404382196719375,259.6749369770898,Banyumas,rendah
1.0,5.282241070826969,105.54828727737733,417.7149810478598,Banyumas,sedang
1.0,9.786008208373545,105.36559503652427,445.28899824192865,Banyumas,sedang
1.0,10.587297136675387,110.01800134695463,275.60747426124385,Banyumas,sedang
1.0,7.290471706072014,82.20022108061802,170.4362999118306,Banyumas,sedang
1.0,5.703190120004244,81.30926530117677,142.86200684408576,Banyumas,sedang
1.0,4.822683350636269,126.1892012675364,70.48535916910306,Banyumas,sedang
1.0,7.283031247980647,179.5156614652289,134.34017590189663,Banyumas,sedang
1.0,8.533021423223094,163.3532544258677,159.76910485849544,Banyumas,sedang
1.0,4.3246892065040345,42.422418807054605,176.0605866387933,Banyumas,rendah
1.0,5.309429996707724,62.23250814308753,89.98736206150294,Banyumas,sedang
1.0,9.63365205696138,122.94539678140059,36.83745368307351,Banyumas,sedang
1.0,8.215605318903469,91.03549089523703,0.0,Banyumas,tinggi
1.0,6.426115705509505,62.06958952052757,29.62051700907119,Banyumas,sedang
1.0,2.9331098248212784,58.74030760889332,26.596807907103553,Banyumas,sedang
1.0,6.033719263999551,36.76808340913589,4.247711155411585,Banyumas,sedang
1.0,5.936350757129401,27.568507822235215,30.158754895215218,Banyumas,sedang
1.0,0.48235658174623186,4.5711089329858225,28.84451900917025,Banyumas,sedang
1.0,0.0,0.0,64.69755698330874,Banyumas,sedang
1.0,0.0,0.0,0.0,Banyumas,sedang
1.0,0.0,0.0,0.0,Banyumas,sedang
1.0,0.0,0.0,0.0,Banyumas,sedang
0.8958212451283432,0.0,0.0,0.0,Banyumas,sedang
0.1885542955990064,0.0,0.0,0.0,Banyumas,sedang
0.16070041198358764,8.084526940598609,7.587382251722835,403.72497712156354,Banyumas,sedang
0.594994783699799,5.703050705283588,22.280322862890554,0.03950882732345546,Banyumas,sedang
1.0,0.31730186399328175,28.23043719037319,60.650451442580824,Banyumas,sedang
1.0,6.175459273608184,106.54026713290152,79.59599672920022,Banyumas,sedang
1.0,4.35905501149331,63.00397831373324,427.3975971068585,Banyumas,rendah
1.0,4.363639966954677,77.81463848383798,470.3123467253835,Banyumas,sedang
1.0,5.80888815818187,147.31355959179427,320.0273547379278,Banyumas,sedang
1.0,3.6911526735565325,70.96604866527177,261.324420084959,Banyumas,sedang
1.0,1.8640552736474236,33.634679359891265,175.2821559887958,Banyumas,rendah
1.0,1.8839506246268662,24.214350296005755,257.4570618019673,Banyumas,rendah
1.0,3.8043781317386816,47.12332549609371,378.95818078334503,Banyumas,rendah
1.0,5.893968915451709,66.76496211259494,453.5761558537149,Banyumas,sedang
1.0,11.812966987774505,125.46884300317787,319.9863063313944,Banyumas,sedang
1.0,7.601752478823183,105.09067071694848,136.0455169504613,Banyumas,sedang
1.0,3.555451050903683,84.18732579686437,131.97772535319845,Banyumas,sedang
1.0,1.9129669128681275,125.71688923664759,35.86005795775354,Banyumas,sedang
1.0,5.232984451808718,166.4351993862933,118.40576178192985,Banyumas,sedang
1.0,6.26275781527472,64.20934036820339,154.1138331884605,Banyumas,rendah
1.0,5.005804364348953,38.145665199682576,152.55009427393864,Banyumas,rendah
1.0,9.445793980314109,59.98666181725854,11.597838581590873,Banyumas,sedang
1.0,5.565694848952914,85.93787464057198,0.0,Banyumas,sedang
1.0,6.8110582071838,60.19147379803705,0.8633047845702824,Banyumas,sedang
1.0,7.530059309466238,44.682055445117236,0.8633047845702824,Banyumas,sedang
1.0,2.131105188105679,36.252914697464085,1.5662620788004584,Banyumas,sedang
1.0,8.008311498561843,77.02237800567374,3.6117290042967474,Banyumas,tinggi
1.0,4.3354556974158935,35.503535156092056,16.75666199116421,Banyumas,sedang
1.0,2.2073529986617593,10.412993911696162,121.36918311987208,Banyumas,rendah
1.0,0.0,0.0,78.89839471453038,Banyumas,sedang
1.0,0.0,0.0,60.23915245370387,Banyumas,sedang
1.0,0.0,0.0,0.0,Banyumas,sedang
1.0,0.0,0.0,0.0,Banyumas,sedang
1.0,0.0,0.0,0.0,Banyumas,sedang
0.7899186207414955,1.3507530156331,0.0,88.66059197268412,Banyumas,sedang
0.6660381672941287,5.497247410023515,1.8306690421096665,153.29707650491392,Banyumas,rendah
0.07589266750583844,15.844135199897638,0.41983606337485874,600.7993887119407,Banyumas,sedang
0.5964371054508247,4.844351215887943,22.22644393082657,85.32508449478955,Banyumas,sedang
1.0,4.518627757059761,18.438673053609183,30.69368582927372,Banyumas,sedang
1.0,5.525574933976675,98.78004821832634,268.34404727844714,Banyumas,sedang
1.0,5.861475802009237,55.24599134561664,392.9376668236653,Banyumas,rendah
1.0,7.2393275873823635,126.08394400259802,446.2298536407647,Banyumas,sedang
1.0,9.117306654291227,172.54993894474558,306.21478147469406,Banyumas,sedang
1.0,5.681155597105606,86.3056612037633,352.6074548983871,Banyumas,sedang
1.0,6.388960540869587,70.55821942428787,276.70807717337357,Banyumas,sedang
1.0,5.092373147499661,47.71049298389698,239.08701362138194,Banyumas,rendah
1.0,4.508467242462962,38.948860651894186,235.94957822832097,Banyumas,rendah
1.0,6.668009045154339,59.468469528697895,291.0727458746805,Banyumas,rendah
1.0,5.3790749616600495,67.65247648190037,173.31465034604346,Banyumas,sedang
1.0,1.6599927824235892,51.9219858423204,0.0,Banyumas,sedang
1.0,1.1278006993106302,21.54470444884683,18.883789912256,Banyumas,sedang
1.0,0.0,33.66374112619751,12.259325825722716,Banyumas,sedang
1.0,2.69249979777905,46.93560334599851,20.479165964029907,Banyumas,sedang
1.0,7.976862824095623,93.94391079763952,41.91216271137848,Banyumas,sedang
1.0,5.0307863553412675,56.141952606100986,81.7361343790545,Banyumas,sedang
1.0,6.980252580511069,44.38684434707775,63.55705389360967,Banyumas,sedang
1.0,3.6470787486916527,38.76796479500553,0.0,Banyumas,sedang
1.0,12.531213075806386,118.21295470486713,18.62054220317783,Banyumas,sedang
1.0,5.153317535464767,61.13445026339216,4.6110870760211125,Banyumas,sedang
1.0,6.237663709285494,58.83258967783432,6.177349154821572,Banyumas,sedang
1.0,11.706319225336818,104.2319541117272,3.902061211597796,Banyumas,tinggi
1.0,7.369720563099127,69.62402890637206,0.0,Banyumas,tinggi
1.0,6.256230451400624,20.184804832475592,95.40624685272888,Banyumas,rendah
1.0,1.1537808417589008,0.0,141.07986695149853,Banyumas,rendah
1.0,0.0,0.0,0.0,Banyumas,sedang
1.0,0.0,0.0,0.0,Banyumas,sedang
1.0,0.0,0.0,0.0,Banyumas,sedang
1.0,0.0,0.0,0.0,Banyumas,sedang
1.0,0.0,0.0,18.52164788649107,Banyumas,sedang
0.973703271074122,1.1393724987821936,0.0,122.84792173757712,Banyumas,rendah
0.6028726624424402,4.654726752440712,0.0,129.82296303627552,Banyumas,rendah
0.060885350635287175,28.142931592514767,0.0,667.5457404369556,Banyumas,sedang
0.46150559370730976,1.8953479769156492,0.0,102.30940000901919,Banyumas,rendah
1.0,3.15560511851715,28.484083776014245,15.62229130061068,Banyumas,sedang
1.0,4.264933688844738,25.07898214665545,288.75563301102136,Banyumas,rendah
1.0,4.596854204014795,14.984347852687014,259.41164012990157,Banyumas,rendah
1.0,6.501588594951456,119.09063977669814,341.97218844229735,Banyumas,sedang
1.0,3.9899366059064785,62.68906750084635,357.08138191197014,Banyumas,rendah
1.0,0.647806267615212,118.97523304506,493.642297638503,Banyumas,sedang
1.0,3.756695981748785,68.01217401790676,248.3360098524882,Banyumas,sedang
1.0,1.0663747273609496,75.32567896300401,12.291108483151875,Banyumas,sedang
1.0,1.8679382825255666,4.5627951602406425,10.401388862353015,Banyumas,sedang
1.0,1.3951148259739916,0.0,19.182076686135325,Banyumas,sedang
1.0,2.966618330179335,54.390079516982716,93.99314499820768,Banyumas,rendah
1.0,3.4610838914339603,28.406286807330765,103.5958515382597,Banyumas,rendah
1.0,2.6332659268212124,18.638861172011666,25.386186593572944,Banyumas,sedang
1.0,0.0,10.17972813878799,2.2523347014163644,Banyumas,sedang
1.0,4.251733400529036,20.26802256288363,100.7978735504596,Banyumas,rendah
1.0,9.711519754638276,42.39487774912695,97.39873198618014,Banyumas,sedang
1.0,5.670039745983157,62.82234444469136,96.84008142079706,Banyumas,rendah
1.0,9.295316829369892,129.94152611189222,77.58512645963415,Banyumas,sedang
1.0,8.367465437967263,171.81975495297024,28.079253984634562,Banyumas,sedang
1.0,11.075412781458809,177.666711581378,12.883448156454644,Banyumas,sedang
1.0,11.85662959228403,69.30160768269997,0.0,Banyumas,tinggi
1.0,5.944634792854726,76.51974286146115,19.36917525503018,Banyumas,sedang
1.0,5.214571206431523,48.96560004999028,56.3169210540053,Banyumas,sedang
1.0,2.820608408340395,21.800715781063047,10.323093778919777,Banyumas,sedang
1.0,4.452472952961753,21.987333831225737,142.58190689356118,Banyumas,rendah
1.0,2.5536461118572764,9.862355782837412,110.22353450326811,Banyumas,rendah
1.0,1.658640070561063,0.0,0.0,Banyumas,sedang
1.0,0.0,0.0,0.0,Banyumas,sedang
1.0,0.0,0.0,0.0,Banyumas,sedang
1.0,0.0,0.0,0.0,Banyumas,sedang
1.0,0.0,0.0,0.0,Banyumas,sedang
1.0,0.0,0.0,68.10441860184051,Banyumas,sedang
0.9192766472849696,0.4035916373084494,0.0,75.28081993328455,Banyumas,sedang
0.22873947292406294,2.444775384248785,0.0,44.24531905229123,Banyumas,sedang
0.6538666964054287,2.129638444019191,36.6080637829471,43.668222753533406,Banyumas,sedang
1.0,6.208854918693244,57.64702644954626,99.57283782303466,Banyumas,rendah
1.0,3.2604480055928535,12.937384168058315,124.84548410674034,Banyumas,rendah
1.0,5.108662539231546,97.59472739888153,322.87475768586546,Banyumas,sedang
1.0,6.627986568490014,54.18022110707259,503.89964505357534,Banyumas,rendah
1.0,3.490347294258264,39.441141957200784,683.0218559727006,Banyumas,rendah
1.0,1.9490060324214933,57.83240827279514,670.631896408523,Banyumas,rendah
1.0,5.152223704471353,84.47803490253821,325.9743905165314,Banyumas,sedang
1.0,5.12386853096312,53.15378462145488,53.81206656746211,Banyumas,sedang
1.0,1.6636923923356925,22.598102386775125,24.020195796531286,Banyumas,sedang
1.0,0.0,8.519527706516733,36.416857954790515,Banyumas,sedang
1.0,4.366131163738186,38.71708782991521,184.70633019654815,Banyumas,rendah
1.0,6.724472506684513,31.4360407472007,178.5122670472242,Banyumas,sedang
1.0,8.471729898128563,46.517122821917155,124.79385765296213,Banyumas,sedang
1.0,0.5049254674790419,7.389893696198824,37.044557257684076,Banyumas,sedang
1.0,5.8471028713737665,41.01921803338915,107.79439326570433,Banyumas,rendah
1.0,7.443185939140914,29.466784392819527,94.34095945454597,Banyumas,sedang
1.0,6.92971026190129,35.71995320472116,115.6600047433323,Banyumas,sedang
1.0,8.3882380769825,101.46860146076332,70.23801059697162,Banyumas,sedang
1.0,12.281109057708889,140.32077622484877,11.379998184976877,Banyumas,sedang
1.0,8.656980055124777,142.861159710938,0.0,Banyumas,tinggi
1.0,9.074182473853293,71.29606337814828,0.0,Banyumas,tinggi
1.0,3.5292220494248188,71.41384922009479,26.2452714356058,Banyumas,sedang
1.0,7.509029633144366,91.5844447585332,9.524958103813347,Banyumas,sedang
1.0,4.683370009641006,12.669697389246595,3.214159789602647,Banyumas,sedang
1.0,3.8145998825084657,7.326678886184308,32.62591505713968,Banyumas,sedang
1.0,0.0,0.0,0.0,Banyumas,sedang
1.0,0.0,0.0,0.0,Banyumas,sedang
1.0,0.0,0.0,0.0,Banyumas,sedang
1.0,0.0,0.0,0.0,Banyumas,sedang
1.0,0.0,0.0,0.0,Banyumas,sedang
1.0,0.0,0.0,0.0,Banyumas,sedang
1.0,0.0,0.0,0.0,Banyumas,sedang
1.0,0.0,0.0,0.0,Banyumas,sedang
0.6653426166285346,0.8404942338497537,0.0,0.0,Banyumas,sedang
0.6499327952169242,4.349368293005992,5.186881094189279,38.64215307179666,Banyumas,sedang
1.0,3.347001549603153,28.429384740964014,60.78441450529235,Banyumas,sedang
1.0,2.2722702064177427,44.89716266023284,93.33246410275228,Banyumas,rendah
1.0,3.165589139992556,115.39035894053767,276.12737793333565,Banyumas,sedang
1.0,3.4768784653488978,37.456478955349525,557.0273433201949,Banyumas,rendah
1.0,2.1733820634220105,0.0,800.4270314940309,Banyumas,rendah
1.0,3.1545207419651677,0.0,811.7385208986336,Banyumas,rendah
1.0,3.6179940299044384,44.94459561341789,544.0573943722723,Banyumas,rendah
1.0,4.571417755576345,44.90281746678001,249.59683649567572,Banyumas,rendah
1.0,4.015754467572436,37.782043785076056,26.427432994172158,Banyumas,sedang
1.0,6.714100673114689,29.602636168646924,64.37510656890508,Banyumas,sedang
1.0,7.707261592205179,39.12794510856062,190.7648054355416,Banyumas,sedang
1.0,6.54614739582319,33.206293751524456,189.37102759305017,Banyumas,rendah
1.0,7.514663332482461,35.88662254003037,114.34346510677302,Banyumas,sedang
1.0,4.737000553317611,24.404685949636136,51.4582878011086,Banyumas,sedang
1.0,5.350685037024088,42.54793089550491,59.251025060413994,Banyumas,sedang
1.0,3.2815163915240997,54.21784248561574,55.149122787366856,Banyumas,sedang
1.0,7.369135957042038,43.93888292150016,59.02153919422706,Banyumas,sedang
1.0,8.344729880377962,64.2586540438646,48.20496304893691,Banyumas,sedang
1.0,11.277835630281052,97.36556978591537,21.89294261060691,Banyumas,sedang
1.0,9.210542260833938,126.68977539475588,0.0,Banyumas,tinggi
1.0,9.422555683796277,48.0524867566378,121.42104751762221,Banyumas,sedang
1.0,10.07236176247252,76.83804396496092,131.49263218345286,Banyumas,sedang
1.0,4.662838427798977,69.37172265974536,20.049062038582917,Banyumas,sedang
1.0,1.9981055091838704,23.808076094694467,18.945647557628153,Banyumas,sedang
1.0,1.7149343299642283,3.0973893262648913,13.886836636846375,Banyumas,sedang
1.0,0.0,0.0,13.109176258097069,Banyumas,sedang
1.0,0.0,0.0,0.0,Banyumas,sedang
1.0,0.0,0.0,0.0,Banyumas,sedang
1.0,0.0,0.0,0.0,Banyumas,sedang
1.0,0.0,0.0,0.0,Banyumas,sedang
1.0,3.1954278126269293,0.0,0.0,Banyumas,sedang
1.0,3.464222268619414,0.0,0.0,Banyumas,sedang
1.0,3.376867198946341,0.0,0.0,Banyumas,sedang
0.7897434183368524,1.3122770126544903,0.0,0.0,Banyumas,sedang
0.5841921307091545,7.303518593164854,54.11471060237743,0.06032633289353143,Banyumas,sedang
1.0,6.068763692090219,46.226842245111875,12.493252047427145,Banyumas,sedang
1.0,5.418632555358368,39.282117441705296,25.028638158998124,Banyumas,sedang
1.0,7.628816618211094,111.73121575020129,251.46744944336885,Banyumas,sedang
1.0,6.252636085041109,70.98031666742662,512.443764973433,Banyumas,sedang
1.0,3.1748130193861366,0.0,725.4488797228541,Banyumas,rendah
1.0,1.9024598875044407,0.0,782.1702708307123,Banyumas,rendah
1.0,0.5282960766057022,21.803170434658256,532.7616132375409,Banyumas,rendah
1.0,3.891755352618116,33.07310550098006,302.51906184969835,Banyumas,rendah
1.0,1.055210084719416,3.965968723429963,45.87058782184691,Banyumas,sedang
1.0,5.289504632922495,12.312827866184294,189.8259551077042,Banyumas,rendah
1.0,5.300901770620737,15.148470010401127,171.91743194113457,Banyumas,rendah
1.0,7.180787265498316,6.041204526626074,116.57996024441606,Banyumas,sedang
1.0,1.5109651192058609,4.052868867409477,53.55189837717782,Banyumas,sedang
1.0,7.199919836793797,64.25814072865676,45.779455554409346,Banyumas,sedang
1.0,4.701935390076947,41.3424412091354,66.12430445184843,Banyumas,sedang
1.0,5.552322745895805,42.96375001372104,12.22750558538485,Banyumas,sedang
1.0,7.154449876656951,66.88098382679813,28.383747399604324,Banyumas,sedang
1.0,8.32921722323756,69.24590234844018,32.854827428494616,Banyumas,sedang
1.0,6.351687214239887,73.02634576687238,2.9853248061310613,Banyumas,sedang
1.0,4.636628468991667,96.2308230233702,93.88409952484868,Banyumas,sedang
1.0,7.8050054829808655,19.388956637352887,182.6082386205295,Banyumas,sedang
1.0,8.149861875636635,105.50017645779117,137.82417560910255,Banyumas,sedang
1.0,6.255582057703264,108.14907420058924,25.686141058456425,Banyumas,sedang
1.0,0.0,39.11390035291429,18.945647557628153,Banyumas,sedang
1.0,0.0,0.0,0.0,Banyumas,sedang
1.0,0.0,0.0,0.0,Banyumas,sedang
1.0,0.0,0.0,0.0,Banyumas,sedang
1.0,0.0,0.0,0.0,Banyumas,sedang
1.0,0.0,0.0,0.0,Banyumas,sedang
1.0,0.0,0.0,0.0,Banyumas,sedang
1.0,1.6069655013029711,0.0,0.0,Banyumas,sedang
1.0,0.0,0.0,0.0,Banyumas,sedang
1.0,2.306949045812783,0.0,0.0,Banyumas,sedang
0.5821649052989516,3.5495393567248392,0.0,0.0,Banyumas,sedang
0.2518398118398415,0.0,113.88676926290795,0.0,Banyumas,sedang
0.8443765105377551,4.511396650761354,39.424711251142554,9.097215038462783,Banyumas,sedang
0.8212343628236074,3.9575983538400865,9.81456061777795,5.221703585628642,Banyumas,sedang
0.9562468738757605,1.8350957629955746,95.64404040342743,53.667277697913484,Banyumas,sedang
1.0,7.37611208733316,169.40755056442308,319.30218464958995,Banyumas,sedang
1.0,4.322275882726597,146.6140816991943,586.706699594151,Banyumas,sedang
1.0,4.899582981602437,66.09386323305934,631.5922485646429,Banyumas,sedang
1.0,5.121338492261048,90.47615780491317,400.8007321342052,Banyumas,sedang
1.0,4.194895739575253,96.26251871711654,215.02686159468573,Banyumas,sedang
1.0,0.0,0.0,48.8336183896317,Banyumas,sedang
1.0,2.9212974867168393,0.3535814890278535,92.5199256729497,Banyumas,rendah
1.0,2.656194621009926,13.946448898752639,110.1573018206242,Banyumas,rendah
1.0,6.109661961744879,20.789888011607367,67.55271146370401,Banyumas,sedang
1.0,6.143791445133374,78.62874317421073,10.593961934830544,Banyumas,sedang
1.0,8.037237194411306,67.63692301127281,26.28664259313005,Banyumas,sedang
1.0,3.9649195562945074,50.40413493681106,60.15613755056199,Banyumas,sedang
1.0,8.119681751679183,19.80756445434147,25.92808623598508,Banyumas,sedang
1.0,7.282381537541936,20.60026338169651,33.57543379989934,Banyumas,sedang
1.0,6.58422029850021,77.39708907783569,26.990964866344967,Banyumas,sedang
1.0,5.98078175962843,93.2027039435835,0.0,Banyumas,sedang
1.0,6.568859802787964,76.0110101018929,176.4581273089976,Banyumas,sedang
1.0,6.730362343756509,45.39598067558374,203.8130583476237,Banyumas,sedang
1.0,5.834503885939154,72.75993066977223,37.691717439648905,Banyumas,sedang
1.0,9.84163062454732,134.23646578588333,33.391324885748,Banyumas,sedang
1.0,1.9702333781724737,24.877982389008427,20.880987698765075,Banyumas,sedang
1.0,0.0,0.0,0.0,Banyumas,sedang
1.0,0.0,0.0,10.000353518520997,Banyumas,sedang
1.0,0.0,0.0,0.0,Banyumas,sedang
1.0,0.0,0.0,0.0,Banyumas,sedang
1.0,0.0,0.0,0.0,Banyumas,sedang
1.0,0.0,0.0,0.0,Banyumas,sedang
1.0,0.0,0.0,0.0,Banyumas,sedang
1.0,0.0,0.0,0.0,Banyumas,sedang
1.0,0.0,0.0,0.0,Banyumas,sedang
0.6251244624393328,0.0,0.0,0.0,Banyumas,sedang
0.8786191180863919,5.889011587654139,118.67143209815747,0.0,Banyumas,sedang
1.0,9.682220871598144,263.9624031614238,49.46714617371274,Banyumas,sedang
1.0,5.298490979938178,169.67537253302402,344.9470364824241,Banyumas,sedang
1.0,4.753878706524068,60.839732979426444,416.06662106105654,Banyumas,rendah
1.0,5.455846104622867,94.11365525541086,226.00081986574838,Banyumas,sedang
1.0,5.400479607491066,89.5119868491952,76.02384082124945,Banyumas,sedang
1.0,0.2912164034009409,0.0,38.41783443743392,Banyumas,sedang
1.0,0.19271053788201228,11.61019268066298,34.33862233290036,Banyumas,sedang
1.0,5.5208134767789465,36.02169505382565,125.87441739644618,Banyumas,rendah
1.0,5.616248873569564,35.899499224824865,30.3452118412011,Banyumas,sedang
1.0,10.152580469668617,27.0642625730026,24.021939937583703,Banyumas,sedang
1.0,9.654054293779211,71.1745921358256,38.50560752791034,Banyumas,sedang
1.0,2.923226741881235,20.43305141080631,19.972313679026975,Banyumas,sedang
1.0,9.530917349577846,67.89664043486516,109.3801388275427,Banyumas,sedang
1.0,8.355860110034458,52.855061847779425,114.56860320247317,Banyumas,sedang
1.0,9.041116225719813,60.859636822807914,112.51065089549684,Banyumas,sedang
1.0,8.942878896028251,89.60657914683878,153.10807700894085,Banyumas,sedang
1.0,8.922088104166361,66.40194485199699,219.01324230996119,Banyumas,sedang
1.0,6.686491445557003,61.69775798967312,196.7923321490017,Banyumas,sedang
1.0,8.205797297835787,93.1680485563252,12.058965106339773,Banyumas,sedang
1.0,7.0101499842037835,78.09995215486533,90.64301648482743,Banyumas,sedang
1.0,3.0659624680211497,36.88642010289113,68.00884881486343,Banyumas,sedang
1.0,1.0641475522417077,1.7724684859022237,61.3264619753655,Banyumas,sedang
1.0,0.21916502437496677,8.6667006195121,51.161807821152536,Banyumas,sedang
1.0,1.6514870293338495,8.6667006195121,37.46943800078329,Banyumas,sedang
1.0,0.0,0.0,0.0,Banyumas,sedang
1.0,0.0,0.0,0.0,Banyumas,sedang
1.0,0.0,0.0,0.0,Banyumas,sedang
1.0,0.0,0.0,0.0,Banyumas,sedang
1.0,0.0,0.0,0.0,Banyumas,sedang
1.0,0.0,0.0,0.0,Banyumas,sedang
0.9906622707477276,0.0,0.0,0.0,Banyumas,sedang
0.19637075733310608,0.0,0.0,0.0,Banyumas,sedang
0.029448837608149207,0.0,0.0,0.0,Banyumas,sedang
0.9881586419061946,4.571717008017714,105.45152695212576,2.2806456166088127,Banyumas,sedang
1.0,6.386551094247886,219.16320298895155,42.97708003424436,Banyumas,sedang
1.0,4.305815327248473,120.58685958534323,243.55724926760746,Banyumas,sedang
1.0,1.887991109158124,59.29343468209133,205.90620421626355,Banyumas,rendah
1.0,2.5618311455553866,1.0834901769817737,45.373060444527546,Banyumas,sedang
1.0,2.7678312640089144,0.0,45.295846378040274,Banyumas,sedang
1.0,0.6499315028950863,0.0,0.0,Banyumas,sedang
1.0,0.0,0.0,51.43971402350941,Banyumas,sedang
1.0,1.557640831071776,25.601390565809474,75.2971756703202,Banyumas,sedang
1.0,1.660251438546441,26.227140681086052,4.552644359141287,Banyumas,sedang
1.0,6.923355538998356,31.273098865821176,31.757897813448917,Banyumas,sedang
1.0,4.435154723497309,30.050990143160757,30.508984021918963,Banyumas,sedang
1.0,4.473731916400665,27.678983680094642,17.552465599436847,Banyumas,sedang
1.0,7.943692677084515,77.83366711206855,113.17676639102507,Banyumas,sedang
1.0,7.713490951014088,128.34300488655344,186.48799700312028,Banyumas,sedang
1.0,10.615281998578459,107.25686893742738,129.14789676774265,Banyumas,sedang
1.0,11.071098501098934,47.740254266296276,212.35466400461948,Banyumas,sedang
1.0,7.676834261191809,41.639982776370715,268.6121229122593,Banyumas,sedang
1.0,7.08816873653214,83.35129663294882,254.13740288021938,Banyumas,sedang
1.0,10.846868063646173,66.35157561311001,74.62316370636994,Banyumas,sedang
1.0,5.747139031005256,56.99540052697928,49.42618998672456,Banyumas,sedang
1.0,11.01609970961585,69.34289966290004,106.26004554450823,Banyumas,sedang
1.0,5.9739232693917454,7.793464862177749,120.52230897956649,Banyumas,rendah
1.0,4.398958205791027,4.515569260084691,168.49805261239027,Banyumas,rendah
1.0,4.241689459761254,2.1265037543577763,102.51141752914754,Banyumas,rendah
1.0,0.0,0.0,0.0,Banyumas,sedang
1.0,0.0,0.0,0.0,Banyumas,sedang
1.0,0.0,0.0,0.0,Banyumas,sedang
1.0,0.0,0.0,0.0,Banyumas,sedang
1.0,0.0,0.0,0.0,Banyumas,sedang
1.0,0.0,0.0,0.0,Banyumas,sedang
1.0,0.0,0.0,0.0,Banyumas,sedang
0.8571343163546702,0.0,0.0,0.0,Banyumas,sedang
0.023978290775357115,0.0,0.0,0.0,Banyumas,sedang
0.18245317692784724,8.57215023947267,125.16968889440238,0.0,Banyumas,tinggi
1.0,8.30110356311186,91.06402071585235,4.01403414588865,Banyumas,tinggi
1.0,9.180133125590247,93.52486821822305,129.35337882870553,Banyumas,sedang
1.0,6.699221945693983,146.7676466008807,178.4920436301127,Banyumas,sedang
1.0,6.061127452555129,39.05115056893211,63.9293972992389,Banyumas,sedang
1.0,0.35839567343678347,0.0,15.324935259969624,Banyumas,sedang
1.0,0.0,0.0,0.0,Banyumas,sedang
1.0,0.0,0.0,0.0,Banyumas,sedang
1.0,0.0,0.0,46.53054661954458,Banyumas,sedang
1.0,2.6488262807517127,30.839037675867353,37.62530420027593,Banyumas,sedang
1.0,3.601979249713795,37.28920983192322,0.0,Banyumas,sedang
1.0,2.9646863784309785,19.269977126040732,0.0,Banyumas,sedang
1.0,5.304091335201357,29.985755251851238,13.673436122150969,Banyumas,sedang
1.0,6.66729168723386,64.8810007491096,67.28894631042405,Banyumas,sedang
1.0,5.50560844446199,62.666478513343314,66.66284143521851,Banyumas,sedang
1.0,9.885892819460656,102.76481169404718,101.43360551703731,Banyumas,sedang
1.0,11.233694471971544,57.326852380065866,170.78601850509204,Banyumas,sedang
1.0,7.86556237461448,49.43133055836806,428.61692221485043,Banyumas,sedang
1.0,3.6953455082747895,68.93938355324327,482.04876565395807,Banyumas,sedang
1.0,2.1220956036312564,83.48090339365781,320.66616653549886,Banyumas,sedang
1.0,9.331301794218609,87.07667788345259,176.88817160055262,Banyumas,sedang
1.0,4.350013180680558,49.961091046295294,0.0,Banyumas,sedang
1.0,10.09207146438299,47.331918308332774,103.49384025897928,Banyumas,sedang
1.0,3.095847425281095,6.851118118644245,96.76582809542009,Banyumas,rendah
1.0,6.337843753680408,14.023400593070884,161.9094365448142,Banyumas,rendah
1.0,5.770345940787345,7.58774465172681,110.87743144602575,Banyumas,rendah
1.0,0.0,0.0,0.0,Banyumas,sedang
1.0,0.0,0.0,0.0,Banyumas,sedang
1.0,0.0,0.0,0.0,Banyumas,sedang
1.0,0.0,0.0,0.0,Banyumas,sedang
1.0,0.0,0.0,0.0,Banyumas,sedang
1.0,0.0,0.0,0.0,Banyumas,sedang
1.0,0.0,0.0,0.0,Banyumas,sedang
1.0,0.0,0.0,0.0,Banyumas,sedang
0.5834785708502211,0.0,0.0,0.0,Banyumas,sedang
0.5118763233272245,7.447423056999239,2.913118394011018,495.7477082000275,Banyumas,sedang
1.0,6.707801276347226,8.863044566715862,414.1778253248832,Banyumas,sedang
1.0,4.078750706348941,60.63485803050958,407.45173699244816,Banyumas,rendah
1.0,9.029530357330488,113.70474873209989,245.8135555489376,Banyumas,sedang
1.0,6.452842906341519,64.54404405278295,38.56940224250134,Banyumas,sedang
1.0,3.3103924340384983,0.0,12.109286702736611,Banyumas,sedang
1.0,0.0,0.0,12.58669751199509,Banyumas,sedang
1.0,0.0,0.0,18.060799309821256,Banyumas,sedang
1.0,3.676772455290146,16.868032702239105,54.60065303338835,Banyumas,sedang
1.0,6.7324302444694295,67.7845865858281,0.0,Banyumas,tinggi
1.0,8.069860504176148,76.2414432952435,0.0,Banyumas,tinggi
1.0,7.302657240749087,47.08316028127983,24.208736946873252,Banyumas,sedang
1.0,7.759297812757845,41.80109289242293,36.96286930734523,Banyumas,sedang
1.0,6.249794052318601,31.65395309290009,39.22117358950174,Banyumas,sedang
1.0,14.276610021705231,46.10664724941997,106.63244125379528,Banyumas,sedang
1.0,21.170647718545727,73.29536523973334,189.72358886524404,Banyumas,sedang
1.0,19.39409177411636,4.8929718594434926,116.60752438249679,Banyumas,sedang
1.0,10.93546737357775,70.79144387571041,290.3504604012774,Banyumas,sedang
1.0,11.69217412095758,112.27897662654827,469.3838490868583,Banyumas,sedang
1.0,7.451689065514124,44.124115503887005,525.5981243483952,Banyumas,sedang
1.0,9.978991948223362,86.79880042689011,332.6563980067689,Banyumas,sedang
1.0,8.117895520901065,70.22664213292657,163.15699435635744,Banyumas,sedang
1.0,11.72494728996572,21.351540461241655,111.08121622211362,Banyumas,sedang
1.0,4.152419013616339,28.880984072899345,97.6459495585681,Banyumas,rendah
1.0,3.6848316960371013,2.35851018721454,5.3816404063934735,Banyumas,sedang
1.0,3.7895524643836023,24.004836629453123,11.165018243117759,Banyumas,sedang
1.0,0.0,0.0,0.0,Banyumas,sedang
1.0,0.0,0.0,0.0,Banyumas,sedang
1.0,0.0,0.0,0.0,Banyumas,sedang
1.0,0.0,0.0,0.0,Banyumas,sedang
1.0,0.0,0.0,0.0,Banyumas,sedang
1.0,0.0,0.0,0.0,Banyumas,sedang
1.0,0.0,0.0,0.0,Banyumas,sedang
1.0,0.0,0.0,0.0,Banyumas,sedang
0.9142597688795074,0.0,0.0,0.0,Banyumas,sedang
0.06819229346977404,33.26925122752224,80.8483933849986,0.0,Banyumas,tinggi
0.9441367542997573,5.207149626237963,180.23265324267246,337.01865517747433,Banyumas,sedang
1.0,11.199694604522133,231.56163509166657,414.1778253248832,Banyumas,sedang
1.0,5.747677921903123,227.8096216563788,404.9118747691141,Banyumas,sedang
1.0,5.865385237345607,179.3306239653081,244.3698956122593,Banyumas,sedang
1.0,2.8362769697590124,61.8403203986054,31.114773377055,Banyumas,sedang
1.0,7.86299197327247,30.640361376684645,26.135985819524254,Banyumas,sedang
1.0,6.468274273436376,27.686526464852466,12.577019150512047,Banyumas,sedang
1.0,8.909643553710175,24.1598220701326,12.03914825002752,Banyumas,sedang
1.0,9.983698606797665,41.22374869443006,15.183991865614393,Banyumas,sedang
1.0,6.203755371675329,81.10204647815499,81.22721718435875,Banyumas,sedang
1.0,6.884626832662088,43.457747790230165,31.773121120218345,Banyumas,sedang
1.0,8.290859007691466,68.19686014276905,35.994146019934334,Banyumas,sedang
1.0,10.877366011933004,70.91169464042004,80.84015550997363,Banyumas,sedang
1.0,12.559328623220917,87.89729641274138,7.845048592998648,Banyumas,tinggi
1.0,15.94076443713501,82.42272657023626,124.26203189771086,Banyumas,sedang
1.0,23.883652892978553,271.40457335524076,184.233791454513,Banyumas,sedang
1.0,18.978881395044606,266.50245019700895,131.62201576214014,Banyumas,sedang
1.0,12.858474039260361,239.63954683688306,275.35861881235763,Banyumas,sedang
1.0,11.233769946648296,77.30997779645165,422.29368782782853,Banyumas,sedang
1.0,3.516959605427108,0.0,553.3585505741511,Banyumas,rendah
1.0,4.502692083115725,88.35912754946757,367.75021664933547,Banyumas,sedang
1.0,7.126895534040527,110.7766787551537,185.69770500478938,Banyumas,sedang
1.0,7.336536572720624,43.60723857691444,63.26602427290041,Banyumas,sedang
1.0,7.451993071874069,53.32257960426916,36.79945990682214,Banyumas,sedang
1.0,3.687935300397977,12.127422831994068,17.555414039966795,Banyumas,sedang
1.0,4.099347868074942,27.830789333353035,25.705131979316416,Banyumas,sedang
1.0,4.95330405260561,5.130868483722092,28.941314567023124,Banyumas,sedang
1.0,1.2134448025700335,5.130868483722092,25.065429045876964,Banyumas,sedang
1.0,0.0,0.0,0.0,Banyumas,sedang
1.0,0.0,0.0,0.0,Banyumas,sedang
1.0,0.0,0.0,0.0,Banyumas,sedang
1.0,0.0,0.0,0.0,Banyumas,sedang
1.0,0.0,0.0,0.0,Banyumas,sedang
1.0,0.0,0.0,0.0,Banyumas,sedang
0.8574706995774097,0.0,0.0,0.0,Banyumas,sedang
0.6050706752285485,5.047877724373818,232.39972601340884,75.45199150834692,Banyumas,sedang
1.0,4.8305500144948486,251.50434545542325,128.43429259230194,Banyumas,sedang
1.0,7.321508881808234,316.39205221825347,23.045302153946295,Banyumas,sedang
1.0,5.170914804958654,267.5801581063241,0.0,Banyumas,sedang
1.0,2.4158547044512004,136.19266069474358,0.0,Banyumas,sedang
1.0,0.0,3.5740206728364825,7.8417591106440785,Banyumas,sedang
1.0,0.3666179793961026,3.108029175572281,7.8417591106440785,Banyumas,sedang
1.0,0.0,0.7616569350610695,0.0,Banyumas,sedang
1.0,7.003494684624291,59.39432483973226,25.944724698048915,Banyumas,sedang
1.0,10.048751175440264,84.03538093905271,208.24466797787557,Banyumas,sedang
1.0,10.486354113399962,42.34001403885973,249.54348590056043,Banyumas,sedang
1.0,8.16655886282243,75.0337926318269,257.05469024809383,Banyumas,sedang
1.0,8.056199105788956,69.29490295712228,264.80489279616165,Banyumas,sedang
1.0,6.333871521669679,60.42177218353692,223.1875246083649,Banyumas,rendah
1.0,16.959768175856784,16.48559160301978,171.43750623157302,Banyumas,sedang
1.0,15.088735773443103,67.70928279561042,170.76497871729518,Banyumas,sedang
1.0,25.336222060138244,222.79153968390725,6.4539204771919545,Banyumas,tinggi
1.0,19.008999504482265,259.56309588487943,46.026731808079575,Banyumas,sedang
1.0,10.891950288804997,183.78470016121096,176.54735103191646,Banyumas,sedang
1.0,12.82692272847712,90.23615195404695,389.7839522327244,Banyumas,sedang
1.0,9.199433310792436,63.892252417759835,550.551269410699,Banyumas,sedang
1.0,7.784003305563919,90.02626282426975,516.9317225969406,Banyumas,sedang
1.0,6.670323606962418,135.00773396567558,317.1431308544844,Banyumas,sedang
1.0,1.6375154017860898,58.09783853879438,108.2282355683392,Banyumas,rendah
1.0,6.740201342925068,82.67599488464882,33.02452771404048,Banyumas,sedang
1.0,8.471260887823268,58.3603131627389,105.71321773805033,Banyumas,sedang
1.0,5.8829268123524825,90.27593531649262,121.27310743817415,Banyumas,sedang
1.0,6.728706026944228,58.238824232266126,37.878982514046726,Banyumas,sedang
1.0,0.0,0.0,14.551235840384006,Banyumas,sedang
1.0,0.0,0.0,2.7975357082637977,Banyumas,sedang
1.0,0.0,0.0,0.0,Banyumas,sedang
1.0,0.0,0.0,0.0,Banyumas,sedang
1.0,0.0,0.0,0.0,Banyumas,sedang
1.0,0.0,0.0,0.0,Banyumas,sedang
1.0,0.0,0.0,0.0,Banyumas,sedang
0.9435195563198499,0.0,0.0,0.0,Banyumas,sedang
0.012195816724638407,0.0,0.0,0.0,Banyumas,sedang
0.29187450323662595,6.733283697145071,40.684397619421006,0.0,Banyumas,sedang
0.9970914016695557,7.595334167416799,184.17630414877587,46.447552505070504,Banyumas,sedang
1.0,7.588828367362375,191.38056593828483,0.0,Banyumas,tinggi
1.0,9.638571090523468,193.1958870102176,0.0,Banyumas,tinggi
1.0,5.134196237488124,41.35130558339266,40.52052351341874,Banyumas,sedang
1.0,5.113855991832881,71.6093545452442,51.377964153571476,Banyumas,sedang
1.0,3.0507980322441868,52.178001064723546,50.39382395960853,Banyumas,sedang
1.0,2.1867510524816036,0.0,0.0,Banyumas,sedang
1.0,1.4226353610374771,17.510721851012693,17.384259082300595,Banyumas,sedang
1.0,10.478460448818346,69.71063337311257,87.6466306379101,Banyumas,sedang
1.0,8.54394798524714,73.2442079174311,317.4381464822055,Banyumas,sedang
1.0,6.575416433630508,9.731281564262307,409.709897049728,Banyumas,rendah
1.0,3.7408171862464448,5.642935546729449,332.490618347292,Banyumas,rendah
1.0,5.187307013235027,13.08117501868212,264.80489279616165,Banyumas,rendah
1.0,15.183868471554534,21.90581224295145,261.6189556592656,Banyumas,sedang
1.0,17.776114070895737,13.25321190711978,203.90559106102208,Banyumas,sedang
1.0,8.911983797254596,0.0,176.28725974403906,Banyumas,sedang
1.0,19.255992553968245,0.1940658891073505,93.3730630054208,Banyumas,sedang
1.0,12.302087571144654,57.11728484770015,62.12623473433957,Banyumas,sedang
1.0,17.806334699752043,47.82340455433387,166.27986071558905,Banyumas,sedang
1.0,22.26206150942382,0.0,185.73792176203833,Banyumas,sedang
1.0,12.002764817719324,5.0210447059649495,238.47452477586168,Banyumas,sedang
1.0,7.5334530900934995,33.75130616038338,445.9353549110097,Banyumas,sedang
1.0,11.194321837079139,60.92918309366561,312.0409631645511,Banyumas,sedang
1.0,6.066430046640001,72.17991391992953,236.7795910607108,Banyumas,sedang
1.0,5.493143247424002,18.559339852039137,185.84865803527182,Banyumas,rendah
1.0,7.225002135225118,76.02795936980465,284.1186736143633,Banyumas,sedang
1.0,12.215150339112153,91.30986309814413,203.30379888474033,Banyumas,sedang
1.0,10.30219457446283,102.24873374703405,121.24716494861974,Banyumas,sedang
1.0,10.850300981144859,56.33271142265329,88.84899650642933,Banyumas,sedang
1.0,3.0234730430909194,6.717683485365276,14.603406797099383,Banyumas,sedang
1.0,3.878835878992307,0.0,0.0,Banyumas,sedang
1.0,0.0,0.0,0.0,Banyumas,sedang
1.0,0.0,0.0,0.0,Banyumas,sedang
1.0,0.0,0.0,0.0,Banyumas,sedang
1.0,0.0,0.0,0.0,Banyumas,sedang
0.5007450702257025,0.0,0.0,0.0,Banyumas,sedang
0.08554509365111328,13.696876095347392,361.34703518501556,0.0,Banyumas,tinggi
0.9101151474937202,5.357960900889455,148.14035185167836,5.79345676937792,Banyumas,sedang
1.0,3.4011962170725782,161.62330423840385,26.73626490246032,Banyumas,sedang
1.0,3.26424010815022,80.21430669207066,0.0,Banyumas,sedang
1.0,4.459802792189203,13.859131816573619,4.664107329845598,Banyumas,sedang
1.0,2.9755748605161827,60.65582734851197,4.664107329845598,Banyumas,sedang
1.0,4.793105862974818,105.26591013129473,13.51868824103871,Banyumas,sedang
1.0,4.392624631177879,86.43126859266651,0.0,Banyumas,sedang
1.0,3.1348407986403464,65.4210531941722,0.0,Banyumas,sedang
1.0,5.9831055045488695,41.30529224868768,56.91342243912692,Banyumas,sedang
1.0,7.915896795044577,64.5752055259573,228.50429602854962,Banyumas,sedang
1.0,2.8456063278807893,30.026494279441064,515.1511828557915,Banyumas,rendah
1.0,6.934990539746612,5.0070316414476945,586.3237221181591,Banyumas,sedang
1.0,5.689062909645784,5.686863277636662,383.3864680065989,Banyumas,rendah
1.0,9.361604645762727,9.417821927542526,0.0,Banyumas,sedang
1.0,19.565523391476287,8.3638404283073,101.83439189779119,Banyumas,sedang
1.0,30.76251533379503,0.0,110.0900235894069,Banyumas,sedang
1.0,16.945600556793362,0.791870264880871,109.52093067786812,Banyumas,sedang
1.0,25.109156403405002,0.8316795837604215,4.280700109426845,Banyumas,sedang
1.0,20.115086275126835,0.0,43.32186037905366,Banyumas,sedang
1.0,20.11384237628464,0.0,57.9226790646697,Banyumas,sedang
1.0,14.634471725775846,0.0,90.02805985280693,Banyumas,sedang
1.0,6.929001517005312,5.176742977114217,291.75865258198434,Banyumas,sedang
1.0,10.47374758982057,94.4073774274265,320.90736044385227,Banyumas,sedang
1.0,10.079145477308117,119.53742280586263,261.8548074252705,Banyumas,sedang
1.0,10.548384086029301,78.59117445966413,233.39890260255993,Banyumas,sedang
1.0,3.7351123571327016,2.288093614681751,185.84865803527182,Banyumas,rendah
1.0,7.299189362383945,19.21272979587709,270.6225189660564,Banyumas,sedang
1.0,8.325211667331784,69.79251265732725,213.11778584702617,Banyumas,sedang
1.0,5.774691272927002,0.0,182.19366565869328,Banyumas,rendah
1.0,7.9240842808006065,36.088212052275885,165.77748484526168,Banyumas,sedang
1.0,5.461993543322985,22.282061398410587,174.74437382711787,Banyumas,rendah
1.0,2.5821870388000865,0.0,14.315574455377112,Banyumas,sedang
1.0,1.6186138349676185,0.0,0.0,Banyumas,sedang
1.0,0.0,0.0,0.0,Banyumas,sedang
0.8172622428407643,0.0,0.0,0.0,Banyumas,sedang
0.3562009240328264,0.0,0.0,0.0,Banyumas,sedang
0.0016741865272144247,0.0,0.0,0.0,Banyumas,sedang
0.6652145953283157,5.585319392785868,305.89463770590584,0.0039047952518321306,Banyumas,sedang
1.0,8.91418489076154,305.6343252175943,7.633019138183715,Banyumas,tinggi
1.0,2.919351394285332,211.03629286693848,0.0,Banyumas,sedang
1.0,6.651300413692148,44.86272778310132,0.0,Banyumas,sedang
1.0,8.651826655841079,66.78557233351255,17.841439472861172,Banyumas,sedang
1.0,6.024646827448934,82.09201040517809,68.48421921010981,Banyumas,sedang
1.0,3.5523169689180123,71.46123601687245,145.56191111483238,Banyumas,sedang
1.0,1.830936482161258,70.713476337023,76.63408379765718,Banyumas,sedang
1.0,3.436816502931947,65.74422170964712,6.734556978849159,Banyumas,sedang
1.0,7.613435595448695,52.98954581201565,70.23510940594761,Banyumas,sedang
1.0,8.687430730900912,72.97873864603002,269.98691023429484,Banyumas,sedang
1.0,1.691903982290808,0.0,498.5391423626426,Banyumas,rendah
1.0,3.7709179598179263,0.0,408.7054272410163,Banyumas,rendah
1.0,11.454371803256091,0.0,195.9029294038811,Banyumas,sedang
1.0,17.97106941185346,0.0,0.0,Banyumas,sedang
1.0,13.679981013149806,0.0765968334149687,45.431137642521044,Banyumas,sedang
1.0,15.751876263268114,0.0,84.75139796756665,Banyumas,sedang
1.0,15.167653679122795,0.0,23.96791036805104,Banyumas,sedang
1.0,17.91681580967415,0.0,3.1863909935499257,Banyumas,sedang
1.0,12.636183789897924,9.752219650370966,63.21605530915723,Banyumas,sedang
1.0,19.723598121627802,1.493163806066717,55.207264769008646,Banyumas,sedang
1.0,12.540010676306565,24.746285772360658,26.891297073932073,Banyumas,sedang
1.0,9.3230676979006,91.37188715755477,0.0,Banyumas,tinggi
1.0,10.804337777232039,142.52408048826695,64.95194903484165,Banyumas,sedang
1.0,9.725053276264521,83.43072757080755,20.077738148949194,Banyumas,sedang
1.0,7.304171487959724,102.71201381634059,0.0,Banyumas,tinggi
1.0,2.981287510526866,70.36113373715894,3.9270184844459077,Banyumas,sedang
1.0,4.291889582019051,65.9233947769054,21.350421700518627,Banyumas,sedang
1.0,8.1912467649395,77.42089601393127,21.350421700518627,Banyumas,sedang
1.0,7.623446803060031,64.2286599912971,123.56311508366768,Banyumas,sedang
1.0,7.662053533364935,75.45161873996548,191.81704621368792,Banyumas,sedang
1.0,6.974515501318188,0.42878015048004525,194.78129079003986,Banyumas,sedang
1.0,3.0304748791260554,0.0,108.70227186024684,Banyumas,rendah
1.0,1.6891157500382046,0.0,6.167740813669997,Banyumas,sedang
0.8630795495997916,0.0,0.0,0.0,Banyumas,sedang
0.07946988458607757,0.0,0.0,0.0,Banyumas,sedang
0.10281148557240292,28.023182318197705,601.5955603787461,0.0,Banyumas,tinggi
0.9973250207022059,6.496963443811055,324.84675145614534,6.274675700401853,Banyumas,sedang
1.0,7.2035892460216,358.9900082442446,13.316771419757274,Banyumas,sedang
1.0,5.124705845340601,157.02170414155233,76.81803266698378,Banyumas,sedang
1.0,6.275648026122889,20.882746736800513,76.81803266698378,Banyumas,sedang
1.0,9.994906766990685,93.24028581385113,18.911129229073097,Banyumas,sedang
1.0,3.085324229385378,63.261253248117924,68.48421921010981,Banyumas,sedang
1.0,4.930063391502144,49.09585613538576,154.96173537392158,Banyumas,rendah
1.0,4.305302623740392,87.7248042958109,84.97181665491904,Banyumas,sedang
1.0,6.808663654548366,74.85738627014491,112.356276636303,Banyumas,sedang
1.0,6.251125945827312,106.19652541287572,165.15627546174818,Banyumas,sedang
1.0,8.726295327913205,74.98853996429813,308.5381403269968,Banyumas,sedang
1.0,2.663705575387054,0.0,481.20345357271816,Banyumas,rendah
1.0,7.6976885215997095,3.8367850522519746,428.5674595483755,Banyumas,sedang
1.0,9.477008773794758,0.41700197318266113,0.0,Banyumas,sedang
1.0,16.15953442141662,0.0,0.0,Banyumas,sedang
1.0,20.117306389698193,6.1277559446075,184.99848924839176,Banyumas,sedang
1.0,15.940087040121211,12.787947919108882,209.21632878053487,Banyumas,sedang
1.0,17.699736257302725,0.0,57.39607426548905,Banyumas,sedang
1.0,23.090353736211913,0.0,57.64415717673237,Banyumas,sedang
1.0,21.967533036012746,0.0,93.61426929535233,Banyumas,sedang
1.0,14.696040640614177,19.678505000507137,36.154497693277335,Banyumas,sedang
1.0,7.078469861047876,97.23898223512629,0.0,Banyumas,tinggi
1.0,8.25568628374142,150.59935819108986,0.0,Banyumas,tinggi
1.0,12.484150593340544,78.18962658370414,0.7932030081168063,Banyumas,tinggi
1.0,8.809882916289466,43.94254177362997,0.44010924952025476,Banyumas,sedang
1.0,11.172473328775942,96.43638487353097,0.8471622395792475,Banyumas,tinggi
1.0,6.002676814142855,43.11480887354503,3.8755251155989536,Banyumas,sedang
1.0,1.9416928426977593,34.85450715019528,29.316767466458494,Banyumas,sedang
1.0,7.019435610039398,79.3118990462252,44.15679712455533,Banyumas,sedang
1.0,5.15753009588656,67.02023611918128,35.62548794529118,Banyumas,sedang
1.0,9.23525239236594,57.882877117008825,9.252178709327794,Banyumas,sedang
0.994267580454354,5.387010161347035,33.396299783196376,94.9308810428451,Banyumas,rendah
0.6782210028586607,0.38730183688347913,8.30393990703049,139.16805437613326,Banyumas,rendah
0.2720377179609298,5.729521007030509,0.0,0.0,Banyumas,sedang
0.04908590647311923,0.0,0.0,0.0,Banyumas,sedang
0.26829758230736805,7.13259460869784,0.0,0.0,Banyumas,sedang
0.7440998012450655,7.816449595419454,31.429307508154825,6.945887027623572,Banyumas,sedang
0.5012780115510532,4.8459662417180125,79.60726331485591,0.0,Banyumas,sedang
0.38298327824521006,10.195256165508576,399.4750382102751,49.41158402642353,Banyumas,sedang
1.0,4.189971533008947,353.35533391358155,19.32006106910068,Banyumas,sedang
1.0,5.726385362614686,263.48933558624833,0.0,Banyumas,sedang
1.0,5.228376697059181,0.0,76.81803266698378,Banyumas,sedang
1.0,5.1618524387719775,83.71771643408799,76.81803266698378,Banyumas,sedang
1.0,10.256682895254384,112.24250176744566,19.115437199963498,Banyumas,sedang
1.0,6.822552201170283,169.50915183074932,8.086885498993206,Banyumas,tinggi
1.0,8.833455084456665,145.56488011938893,59.50572035806327,Banyumas,sedang
1.0,12.27641457070106,102.54044954207502,46.10128747776029,Banyumas,sedang
1.0,4.523628858692818,89.97580088823467,144.08484507784956,Banyumas,sedang
1.0,5.57650015472535,67.31836833021954,221.1829784465033,Banyumas,sedang
1.0,4.564047499345104,12.02712457818396,514.2567468553871,Banyumas,rendah
1.0,5.84764846721804,0.0,544.5120146315452,Banyumas,rendah
1.0,8.280968910611584,17.965274317153963,368.4580263357958,Banyumas,sedang
1.0,12.108645053719233,0.2868120877618193,0.0,Banyumas,sedang
1.0,14.06700765761804,0.0,169.13781569278262,Banyumas,sedang
1.0,5.688332140921643,0.0,284.6869653535755,Banyumas,rendah
1.0,16.05597615673622,4.30432531512378,289.4856732947388,Banyumas,sedang
1.0,12.527116006599922,54.55600283016151,59.95389236882323,Banyumas,sedang
1.0,16.436573203039213,136.94842496166768,22.732985110346146,Banyumas,sedang
1.0,16.759342602551467,189.5207307595174,14.097829890177751,Banyumas,sedang
1.0,6.368085565292472,156.33440160837384,0.0,Banyumas,sedang
1.0,12.354004587548804,114.10352172894758,0.0,Banyumas,tinggi
1.0,12.058300804440353,107.40856399178801,0.0,Banyumas,tinggi
1.0,7.009589605231659,66.37429122160022,0.0,Banyumas,tinggi
1.0,6.068569332598299,101.21915162060087,0.0,Banyumas,sedang
1.0,8.990022002098943,117.47368438735661,3.528223321708802,Banyumas,tinggi
1.0,3.038099549271939,145.6517287104633,47.88932793285744,Banyumas,sedang
1.0,7.333442135204981,55.49045994127905,148.3085844212163,Banyumas,sedang
1.0,3.3532998908324214,27.623456259809114,190.61470800113602,Banyumas,rendah
0.9618513504166345,5.140136538566929,11.360660466931071,55.06530053343336,Banyumas,sedang
0.5877929055931352,11.218797922370367,50.70896412514292,0.0,Banyumas,sedang
0.19959987447637217,7.022932068068894,75.691034376767,0.0,Banyumas,tinggi
0.46638465629742215,6.307353129487783,0.0,0.0,Banyumas,sedang
1.0,6.058312601647292,21.358069722920916,9.188183581433448,Banyumas,sedang
1.0,4.641523165926379,21.794972189754258,0.0,Banyumas,sedang
1.0,7.710951877202432,257.60777514767324,17.958268839632456,Banyumas,sedang
1.0,4.321266757668992,322.2202726989838,31.87966454854838,Banyumas,sedang
1.0,6.787824205561905,321.47591144327515,17.952164654512178,Banyumas,sedang
1.0,3.4264730303914024,124.30364806040055,0.0,Banyumas,sedang
1.0,8.43503922159501,3.3369387942880246,51.35172297115952,Banyumas,sedang
1.0,10.751798492966007,107.9807303791952,57.324209285474105,Banyumas,sedang
1.0,6.392229911574683,107.69401739539775,59.98192075230461,Banyumas,sedang
1.0,9.486995858757837,133.4062401336149,232.74596012976306,Banyumas,sedang
1.0,9.465449001672464,133.2865674557276,311.6402648509849,Banyumas,sedang
1.0,6.851583897338484,94.07202883404639,221.61217149436365,Banyumas,sedang
1.0,3.2780553625544635,58.980004499869466,233.42176159252435,Banyumas,rendah
1.0,3.286688493094497,2.1024296487230485,507.38028076491315,Banyumas,rendah
1.0,5.712669092399929,1.8401028682565947,476.5322955739097,Banyumas,rendah
1.0,9.327611665434175,22.044269545058846,233.07124275943295,Banyumas,sedang
1.0,9.16006406088673,17.015681769490364,185.6327754246114,Banyumas,sedang
1.0,14.471076459256922,0.06969067562343592,344.05665881137753,Banyumas,sedang
1.0,7.521882332754503,1.2693156367467802,276.9579349185194,Banyumas,sedang
1.0,12.78579015939307,47.64484887296502,277.69344298356265,Banyumas,sedang
1.0,16.987548018209253,75.40040478805456,35.91395649924794,Banyumas,sedang
1.0,8.294330678672306,218.34551418547397,0.792863517809143,Banyumas,tinggi
1.0,17.540345856965036,224.67429769303303,1.8732099907090836,Banyumas,tinggi
1.0,11.136429771943696,170.8610927767313,0.0,Banyumas,tinggi
1.0,6.524474922373123,50.702159904344654,0.0,Banyumas,sedang
1.0,8.746737497749029,120.08052372759555,0.0,Banyumas,tinggi
1.0,9.56254754418763,48.586057321569044,0.0,Banyumas,sedang
1.0,9.395868657198632,132.24418071850928,14.526710114570433,Banyumas,sedang
1.0,11.975113877801073,173.02653208338813,127.65039934000815,Banyumas,sedang
1.0,7.475552274117858,87.26605629951864,171.62083136983733,Banyumas,sedang
0.9989310447540423,10.1174056730257,103.67082344166883,229.71166502088803,Banyumas,sedang
0.7632622625523364,2.786000065886381,1.028576655724797,238.24165932797382,Banyumas,rendah
0.12670875675927923,2.618939274866555,71.65981391248579,341.7224812143551,Banyumas,sedang
0.6262247698112442,5.659033183884485,0.0,0.0,Banyumas,sedang
1.0,2.6870788036972595,13.541065093002077,4.01975042470807,Banyumas,sedang
1.0,2.594755182977261,27.94669965774361,0.0,Banyumas,sedang
1.0,7.106925057131325,315.33337208402384,0.0,Banyumas,tinggi
1.0,7.273618478456209,391.3576337248764,8.803103696692139,Banyumas,sedang
1.0,9.953185252538855,314.71894913353634,80.0455864798254,Banyumas,sedang
1.0,4.771573476176244,119.61816707717689,0.4666448969196022,Banyumas,sedang
1.0,13.543884909205385,0.5928168523821298,43.85412071556406,Banyumas,sedang
1.0,10.839505459118033,0.3808265586567913,59.0298861329829,Banyumas,sedang
1.0,5.777484470668516,27.994124246980167,111.6569548589311,Banyumas,rendah
1.0,9.677804938045671,37.170582914755165,327.60575849770487,Banyumas,sedang
1.0,5.024200264625588,154.16559896196952,349.76009039811936,Banyumas,sedang
1.0,9.935877140360812,178.28581280552115,161.79646111162685,Banyumas,sedang
1.0,6.0282168414259285,47.50799087447151,198.8550153999437,Banyumas,rendah
1.0,5.844070940405643,7.458824815247432,337.08206585029455,Banyumas,rendah
1.0,3.8071631369931884,0.7639184656550968,307.5226039562829,Banyumas,rendah
1.0,10.78510973359878,4.130230005039012,158.67583322521966,Banyumas,sedang
1.0,7.420125963996932,16.860113508049213,294.00547935996747,Banyumas,sedang
1.0,16.12633648055383,2.3682935048267435,357.17537495108945,Banyumas,sedang
1.0,16.7867952321633,0.33132660745594916,140.04464722178193,Banyumas,sedang
1.0,6.926636611891196,10.000512160950716,61.348322105850414,Banyumas,sedang
1.0,10.575765980141918,63.27426768316427,0.0,Banyumas,sedang
1.0,10.358791521340228,99.35495022518609,0.0,Banyumas,tinggi
1.0,9.114352449739684,140.56617517171435,0.6092501573391547,Banyumas,tinggi
1.0,10.978109615784433,149.6180452569109,0.0,Banyumas,tinggi
1.0,8.286962400005635,112.8402627560273,0.0,Banyumas,tinggi
1.0,5.114812934926978,44.34060023178523,0.0,Banyumas,sedang
1.0,3.0426218751123786,42.778769852029036,0.0,Banyumas,sedang
1.0,6.117551091570361,56.89481867533823,0.0,Banyumas,sedang
0.9989392751664271,3.798918546879129,81.81835248130203,111.79468032984529,Banyumas,sedang
0.8360334576345048,5.098931588441162,35.640157787780204,139.63300329730004,Banyumas,rendah
0.2247388487879409,17.349909867878853,70.50776442316025,522.9535244068694,Banyumas,sedang
0.7974612294844705,5.527692780323398,40.16735170583423,0.0,Banyumas,sedang
1.0,7.306691519967928,51.52931560736752,0.0,Banyumas,sedang
1.0,6.083770701487392,56.24068889407414,0.0,Banyumas,sedang
1.0,5.70942126157323,252.57916349094575,4.537946027988302,Banyumas,sedang
1.0,4.759352120180414,374.37114631013844,4.537946027988302,Banyumas,sedang
1.0,7.480379515969227,314.54948112225014,111.39667041236214,Banyumas,sedang
1.0,6.177975449757095,105.38188516072205,58.57299718066066,Banyumas,sedang
1.0,6.355441850320041,4.555718408920267,0.0,Banyumas,sedang
1.0,4.7834259993241925,0.0,14.253989799574121,Banyumas,sedang
1.0,4.610986053598317,20.20529922793833,65.7577444471886,Banyumas,sedang
1.0,12.91840419518824,33.43224934354313,384.44750733974263,Banyumas,sedang
1.0,6.321640239141292,184.69258929119795,398.08733346708976,Banyumas,sedang
1.0,15.024320736561538,183.96684788722172,0.0,Banyumas,tinggi
1.0,7.212755289987005,145.42529480891693,171.22252972463195,Banyumas,sedang
1.0,10.305219345659417,26.26202417156237,373.880675458004,Banyumas,sedang
1.0,11.094347485820272,5.196465238554362,293.818995877974,Banyumas,sedang
1.0,9.406174957758168,0.0,170.38940930064436,Banyumas,sedang
1.0,11.016377202456516,13.013928912366241,242.61574624052437,Banyumas,sedang
1.0,14.638458302601697,0.0,202.0401940860861,Banyumas,sedang
1.0,8.27131293643283,0.0,0.0,Banyumas,sedang
1.0,2.418945661590127,4.081624478703637,0.0,Banyumas,sedang
1.0,8.206931443300066,60.479806436251984,0.0,Banyumas,sedang
1.0,3.431330499956747,42.450273132628496,0.0,Banyumas,sedang
1.0,7.439154345010552,85.13806147803392,0.0,Banyumas,tinggi
1.0,5.100080741664222,64.33403073522702,4.997420404113406,Banyumas,sedang
1.0,7.842064270158036,88.91821221490595,4.280092344259487,Banyumas,tinggi
1.0,7.982830244827622,67.77463723063245,0.0,Banyumas,tinggi
1.0,3.9941427074833866,57.68450762415933,0.0,Banyumas,sedang
0.8036370232846661,7.238565061800123,56.15033519237635,0.0,Banyumas,sedang
0.3165296311380607,10.27917491274557,149.98120926479447,0.0,Banyumas,tinggi
0.06716399330570569,0.0,194.4938214169083,0.0,Banyumas,sedang
0.9999920400639497,5.70746784781989,66.97065386636095,0.0,Banyumas,sedang
1.0,5.476149844225898,35.62252713168897,0.0,Banyumas,sedang
1.0,2.27956743437417,103.66003207055536,0.0,Banyumas,sedang
1.0,5.801162873256291,199.14700556705435,48.691052295184036,Banyumas,sedang
1.0,5.527142825630642,281.30176281551394,47.30089671882902,Banyumas,sedang
1.0,8.663846379095027,268.76704022974724,58.57299718066066,Banyumas,sedang
1.0,6.831476153368694,38.93980865208525,79.00429017604094,Banyumas,sedang
1.0,5.499028104737741,46.382805023555875,0.0,Banyumas,sedang
1.0,2.5727638590497173,19.474532219404725,0.0,Banyumas,sedang
1.0,7.871165680264449,39.86997415419141,0.0,Banyumas,sedang
1.0,6.074525529046241,76.27807191358788,228.79570881008192,Banyumas,sedang
1.0,4.2742539709017855,221.84298932748914,291.82194953427796,Banyumas,sedang
1.0,9.79340370968132,196.465846705055,129.86590887489552,Banyumas,sedang
1.0,5.978188866304807,65.51970643503202,224.053629965778,Banyumas,sedang
1.0,5.752791963006374,21.586499237542547,394.3981431489706,Banyumas,rendah
1.0,6.558355692974179,5.864398815562433,280.84843599431576,Banyumas,rendah
1.0,11.337707464401598,24.56165317614753,27.29872744725419,Banyumas,sedang
1.0,11.877281400278163,1.711849860317206,100.26406356219755,Banyumas,sedang
1.0,13.14344478861481,0.0,93.617476628887,Banyumas,sedang
1.0,12.305992841127045,93.5383718832444,0.0,Banyumas,tinggi
1.0,7.8626036836710735,124.14609470578013,0.0,Banyumas,tinggi
1.0,3.9936429114601624,19.596088796194156,0.0,Banyumas,sedang
1.0,2.734685425229092,64.03203778346285,0.0,Banyumas,sedang
1.0,10.781491726580136,73.64712002129997,0.0,Banyumas,tinggi
1.0,7.215896785603903,56.29364480589442,0.0,Banyumas,sedang
0.9918522365282438,3.5648810726421623,46.35259031104301,6.540018949271547,Banyumas,sedang
0.7485461474374938,7.55707619528111,71.27840153000965,24.103432672637098,Banyumas,sedang
0.2742005810185575,6.3671882715825125,190.98552495935903,33.38889701661871,Banyumas,sedang
0.014114546168310238,0.0,0.0,0.0,Banyumas,sedang
0.2363448325021405,13.901988979126987,105.0545209084382,0.0,Banyumas,tinggi
1.0,7.907230674271011,126.28366827771855,0.0,Banyumas,tinggi
1.0,6.0776515081622735,85.2825536219463,0.0,Banyumas,sedang
1.0,5.299786448210237,249.25530186886022,0.7456126323060845,Banyumas,sedang
1.0,11.318250848356628,252.39916236095334,72.38058749702674,Banyumas,sedang
1.0,9.950914454530142,339.1380057555588,139.6239793723643,Banyumas,sedang
1.0,5.712425354631734,232.80657207556095,6.835297560181504,Banyumas,sedang
1.0,7.50089557068718,149.27834036811046,21.024776831462855,Banyumas,sedang
1.0,11.130313767065815,108.1424758329321,0.0,Banyumas,tinggi
1.0,6.308678550961031,112.19162477739508,0.0,Banyumas,sedang
1.0,8.758785190889567,83.72954045674376,0.0,Banyumas,tinggi
1.0,7.063530493395076,57.06952417617182,85.69709072780171,Banyumas,sedang
1.0,7.840967197143641,97.9592987933213,122.90894808440646,Banyumas,sedang
1.0,6.974375937286923,45.23302485136825,111.87772245122034,Banyumas,sedang
1.0,3.217557407380186,43.08827794820238,286.3123741229418,Banyumas,rendah
1.0,4.877935324383199,15.320978900833431,417.0620278443887,Banyumas,rendah
1.0,6.545283899428096,44.558092722993656,302.3565805388595,Banyumas,rendah
1.0,7.636736171234297,51.319555819867844,14.054793569393137,Banyumas,sedang
1.0,10.093493817580057,11.550458280038445,0.0,Banyumas,sedang
1.0,9.09642027261607,5.627612527900757,0.0,Banyumas,sedang
1.0,9.434134648373702,116.2341841149285,0.0,Banyumas,tinggi
1.0,16.453662438685157,141.10748453556164,0.0,Banyumas,tinggi
1.0,7.957391892021466,135.4673923798797,11.312984054677939,Banyumas,sedang
1.0,10.474745640753502,72.44071463868707,12.61108127958942,Banyumas,sedang
1.0,10.59741202670142,123.62704703308421,0.0,Banyumas,tinggi
0.4188146116125149,7.6929701771189904,94.37289912566571,0.0,Banyumas,tinggi
0.15035582816953047,4.888184709421091,262.874739045682,0.0,Banyumas,sedang
0.44548805866342533,5.244175186325459,26.41173247909799,0.0,Banyumas,sedang
1.0,7.148604768627094,125.18146185638159,0.0,Banyumas,tinggi
1.0,3.921645360243636,153.97263341123386,0.0,Banyumas,sedang
1.0,6.30862071430049,150.8316819800032,1.4472628548306752,Banyumas,sedang
1.0,9.586401034530272,191.83267943397433,81.11252877246102,Banyumas,sedang
1.0,5.6719796698863165,251.15294824875974,137.19777665482823,Banyumas,sedang
1.0,5.042658824641212,217.2244891177372,102.04077425425294,Banyumas,sedang
1.0,8.978495425377904,167.6992748398486,10.276788741477153,Banyumas,sedang
1.0,9.117678089997165,122.96477761726794,4.696955394781927,Banyumas,tinggi
1.0,2.4756210233189875,63.14451929356265,0.0,Banyumas,sedang
1.0,4.714083837574586,41.420793353991925,0.0,Banyumas,sedang
1.0,6.716993717809646,89.63654529548111,87.31723122779688,Banyumas,sedang
1.0,5.458952006444826,71.14388708395137,144.53708381130747,Banyumas,sedang
1.0,5.237009947751893,67.49947659519205,160.99977265024555,Banyumas,sedang
1.0,5.207697607496731,72.68857255082753,312.8801063916402,Banyumas,sedang
1.0,3.415483851799723,49.73703443273607,285.5073096805658,Banyumas,rendah
0.974574157073295,5.489744368339478,48.40415099234697,262.88864553837624,Banyumas,rendah
0.43678176416256015,6.010283166419652,23.090422435058073,0.0,Banyumas,sedang
0.9508345261965232,3.7188907970652356,12.147706001213441,1.0959403423904093,Banyumas,sedang
0.9960777867064129,9.703612469331272,0.0,0.0,Banyumas,sedang
1.0,4.726677956486794,97.69559593402029,3.5081334895638756,Banyumas,sedang
1.0,4.283648170946112,116.79930330901517,3.5081334895638756,Banyumas,sedang
1.0,10.200520858047035,53.82628309045996,11.312984054677939,Banyumas,sedang
0.649457616388063,9.226728613623312,40.731286260639926,19.41786648022627,Banyumas,sedang
0.3690754849826119,7.802591722750477,140.6646018295482,0.0,Banyumas,tinggi
0.021224686628668433,9.383451670183543,0.0,0.0,Banyumas,sedang
0.6368073931569816,8.873834596770264,0.21160550843594061,0.0,Banyumas,sedang
1.0,5.865596497273057,55.9684284545632,0.0,Banyumas,sedang
1.0,3.280077193802313,38.27003869597401,0.0,Banyumas,sedang
1.0,1.4395593775306086,20.290977893377473,0.0,Banyumas,sedang
1.0,6.871579253325639,90.7346923417647,1.7438591071898089,Banyumas,tinggi
1.0,7.704458612294841,78.9710707681543,117.616944455998,Banyumas,sedang
1.0,6.853821338188909,127.22580935891239,65.34090082308876,Banyumas,sedang
1.0,7.083338300597359,115.44685642139969,69.2369331959253,Banyumas,sedang
1.0,9.581560169414859,31.11970775127382,66.53861548540915,Banyumas,sedang
1.0,6.166435199529311,54.181055513802214,34.164528377511786,Banyumas,sedang
1.0,7.105660258634726,32.14375917159876,11.408072158768945,Banyumas,sedang
1.0,7.7674588147688395,82.2867452698696,4.1631761548274495,Banyumas,tinggi
1.0,11.037211596370007,89.29397311876893,13.997129056884619,Banyumas,sedang
1.0,4.631237665528405,52.31477863402614,26.32913825428438,Banyumas,sedang
1.0,4.015264528074427,123.20258173838165,91.99602370761556,Banyumas,sedang
1.0,4.687721019888862,102.11118491524209,163.50711961404107,Banyumas,sedang
0.8362542350666357,6.242371886114412,36.49978498874119,181.83444948501534,Banyumas,rendah
0.23878829406037336,13.948050671415322,17.32475943586024,4.363940536938442,Banyumas,sedang
0.7939529896796907,5.2083660227405115,0.0,0.0,Banyumas,sedang
1.0,3.608577855546023,8.106186709136882,0.0,Banyumas,sedang
0.6971246567561682,10.980521659882063,68.21340387166771,0.0,Banyumas,tinggi
0.8370095510915915,7.575292220549735,55.31210648950976,0.0,Banyumas,sedang
0.061617720317981316,13.612897094295372,52.24407985238605,0.0,Banyumas,sedang
0.07227651870909617,23.450927276432395,4.905732101410917,0.0,Banyumas,sedang
0.9602720244113183,5.424791525172829,47.14349463227982,0.0,Banyumas,sedang
1.0,7.197309762557942,80.58976828294013,0.0,Banyumas,tinggi
1.0,5.104248291226099,35.844063216824075,1.3660463606858197,Banyumas,sedang
1.0,7.151118609806575,24.005545004682062,0.0,Banyumas,sedang
1.0,9.029673066868732,2.0860309281519154,0.0,Banyumas,sedang
1.0,6.410077329701444,48.73442381177342,15.557555289482314,Banyumas,sedang
1.0,8.481700846394396,45.685222562563204,15.557555289482314,Banyumas,sedang
1.0,6.135384648766066,48.41424310448784,0.0,Banyumas,sedang
1.0,5.1378661020077265,26.891191001210807,1.1028383454604445,Banyumas,sedang
1.0,2.42284670332276,8.585653067858063,8.670528013023045,Banyumas,sedang
1.0,6.198007218725386,29.223774945096448,7.878513221091348,Banyumas,sedang
1.0,6.876179873511115,23.87938479841983,26.34038969124844,Banyumas,sedang
1.0,5.383864330184829,61.158562045919126,23.76147689752413,Banyumas,sedang
1.0,3.537403193765277,78.12403892992958,21.00671161779584,Banyumas,sedang
1.0,6.017781407152511,177.42148774548946,40.4477388531722,Banyumas,sedang
0.9793151110379439,7.113424628201721,132.1131973800149,23.539921341629615,Banyumas,sedang
0.6086948859628376,6.493031326236531,182.3020382337414,29.109733650803516,Banyumas,sedang
0.09895394041292478,0.0,114.02058178161707,0.0,Banyumas,sedang
0.22280378010354715,0.10232077785572329,0.0,0.0,Banyumas,sedang
0.5654984600697845,4.159211309812723,4.347633265863607,0.0,Banyumas,sedang
0.02911119343251167,0.0,12.025992659409596,0.0,Banyumas,sedang
0.5418618427321845,9.229585102705066,50.18699787954842,0.0,Banyumas,sedang
1.0,6.878504574207451,49.06044768523273,0.0,Banyumas,sedang
1.0,9.476807442250422,45.82212083941765,1.1761318180315872,Banyumas,sedang
1.0,9.280200694019303,0.2673999189686228,27.458416605119883,Banyumas,sedang
1.0,4.630696497163399,7.201926720623438,2.539245250978543,Banyumas,sedang
1.0,8.808258161312121,0.0,1.768368868873962,Banyumas,sedang
1.0,4.825782189655688,21.25729982169012,0.0,Banyumas,sedang
1.0,5.721083188415694,61.88887940096146,0.0,Banyumas,sedang
1.0,5.18100971362704,49.80367580590354,0.0,Banyumas,sedang
1.0,6.71697218582233,33.2857461314054,0.0,Banyumas,sedang
1.0,3.8279693107461656,18.101879289999925,0.0,Banyumas,sedang
1.0,6.746471656117154,34.00418239602155,5.900227363452347,Banyumas,sedang
1.0,5.431675093671065,17.65775910560415,23.288273499402102,Banyumas,sedang
1.0,6.512744528003054,36.939608299195484,23.660434990199672,Banyumas,sedang
1.0,6.043103199295528,84.25296961979573,2.560609098041404,Banyumas,sedang
1.0,6.864693702098023,159.40809895107697,3.0903388256535487,Banyumas,tinggi
1.0,5.733815631364935,110.16073849789385,0.0,Banyumas,sedang
0.9433378393178526,7.963048262337561,104.5425169755315,0.0,Banyumas,tinggi
0.14242466682554009,5.142923859439366,79.21932420095284,0.0,Banyumas,sedang
0.0023277157285120347,156.03409942023583,0.0,0.0,Banyumas,sedang
0.5318503257065498,11.49513572415767,0.7959780105902372,0.0,Banyumas,sedang
1.0,5.787682145272243,91.18288954307907,54.75137745143691,Banyumas,sedang
1.0,9.431500485425275,91.18288954307907,15.875662611070638,Banyumas,sedang
1.0,12.295241935766406,0.0,42.4739516079951,Banyumas,sedang
1.0,7.5225475956635055,53.5294057261379,56.27248119357684,Banyumas,sedang
1.0,8.346479171430069,86.237392118997,5.852021789904127,Banyumas,tinggi
1.0,5.63442182888109,116.35452383495577,0.0,Banyumas,sedang
1.0,6.728443299229552,90.57550773124422,0.0,Banyumas,tinggi
1.0,6.200422170803209,84.08813197528846,0.9055771705739362,Banyumas,sedang
1.0,8.564125026474278,18.045053054687386,0.0,Banyumas,sedang
1.0,5.675457417333214,17.028638254687646,0.9823795088972069,Banyumas,sedang
1.0,9.37904945857705,25.213397328340715,1.1862801401147767,Banyumas,sedang
1.0,7.624375464026354,33.4000137343933,19.16666243992297,Banyumas,sedang
1.0,7.715099499947794,69.37901080545392,20.97670854856497,Banyumas,sedang
0.9999961069266995,6.703426239137012,64.2187025451204,3.641338431843941,Banyumas,sedang
1.0,4.487591982196249,57.797123321402644,1.3487986697343324,Banyumas,sedang
1.0,7.124547808793096,87.86452583507479,29.236221960493676,Banyumas,sedang
0.7684611479973142,4.506854317913525,136.89095643232906,38.045153013507786,Banyumas,sedang
0.001993066369585079,0.0,0.0,0.0,Banyumas,sedang
0.6666893093422576,5.776341635772529,22.189389451371223,311.78730811528726,Banyumas,rendah
0.9938731671140357,8.491414075757787,32.5420939964088,347.24230017027986,Banyumas,sedang
1.0,7.6365429734074874,98.88326882406349,354.22278755726023,Banyumas,sedang
1.0,6.773935515280181,146.33340484000414,284.5565739266207,Banyumas,sedang
1.0,12.027072358824018,155.06970916181976,184.12635186046234,Banyumas,sedang
1.0,7.054405676779812,147.2583202802688,88.19206865681232,Banyumas,sedang
1.0,8.85372723071693,144.43701031032182,20.47325772373095,Banyumas,sedang
1.0,7.732275127518245,193.7461473131382,0.0,Banyumas,tinggi
1.0,5.939465529339471,97.27493373744196,0.0,Banyumas,sedang
1.0,5.938312490633664,74.48068831737696,12.908304990367142,Banyumas,sedang
1.0,4.746961737751313,3.3630515008170834,43.73359808003991,Banyumas,sedang
1.0,6.179717049711041,7.393733378192439,32.87107818650839,Banyumas,sedang
1.0,8.094434356597974,23.684631000693063,0.0,Banyumas,sedang
1.0,5.540261744507115,36.4777870001853,3.3323284477771304,Banyumas,sedang
1.0,6.469386259006357,52.495763573278374,30.05128328583894,Banyumas,sedang
0.27576639395282987,7.2922437219898315,168.34162481356236,0.00024655191477400206,Banyumas,tinggi
0.2934835101285399,6.449469034112814,100.3055583617355,0.0,Banyumas,sedang
0.24205032111619787,10.560261972067915,363.0010711404709,0.0,Banyumas,tinggi
0.05362880750288379,0.0,1152.809782443362,0.0,Banyumas,sedang
0.22406060677523554,15.476972669734321,49.63878402431553,459.3676151791532,Banyumas,sedang
0.9997971265099734,5.6970182760228365,27.861431943336086,336.26359439554756,Banyumas,rendah
1.0,5.492993172421257,25.77639408708647,543.8939796442668,Banyumas,rendah
1.0,4.120719416483268,27.456683377810847,608.6637011450575,Banyumas,rendah
1.0,3.301267452048259,109.9815218500092,495.1461124459006,Banyumas,sedang
1.0,7.922530592831403,132.51605711076297,381.5221255575968,Banyumas,sedang
1.0,6.714303445201392,154.23645409369894,160.19118628067238,Banyumas,sedang
1.0,9.058937720199307,194.51486021628196,130.83619749177205,Banyumas,sedang
1.0,5.101156153242919,127.77741389293533,0.0,Banyumas,sedang
1.0,5.599982263118627,45.602683050183835,23.581297106620426,Banyumas,sedang
1.0,3.3972154642605283,30.901089058349374,12.00272781979321,Banyumas,sedang
1.0,2.451213192667451,6.618809711640683,12.00272781979321,Banyumas,sedang
1.0,3.4729929210118358,0.0,0.004106718522017958,Banyumas,sedang
1.0,4.667836111917112,0.0,0.0,Banyumas,sedang
1.0,2.5968605626608197,33.29026583994534,1.5697140594638712,Banyumas,sedang
0.6605535070766662,1.9729628395223375,13.206890375901317,45.497945379087135,Banyumas,sedang
0.0001320008606905342,0.0,44732.2642488206,0.5150779480051345,Banyumas,sedang
0.5315657740462336,6.474452742256588,57.01194930306143,132.8243228438013,Banyumas,rendah
0.791536750456798,6.55762908118941,86.85569539259403,406.4304783780093,Banyumas,sedang
1.0,3.449613954050431,33.12237803826262,486.8491972798381,Banyumas,rendah
1.0,4.804461488601318,27.662588804210607,564.808236726731,Banyumas,rendah
1.0,2.781786297220959,121.80801493569457,444.66973445070283,Banyumas,sedang
1.0,7.440690934816166,175.34634045116036,348.9284084414703,Banyumas,sedang
1.0,3.4869010818214994,116.01719132270397,125.57554240115647,Banyumas,sedang
1.0,8.061448242608035,125.87667955275623,111.11234762976187,Banyumas,sedang
1.0,5.689415933301418,97.00168619918126,0.0,Banyumas,sedang
1.0,3.2978915446037025,10.187290016779647,23.581297106620426,Banyumas,sedang
1.0,3.2282532999754268,13.447819434143762,6.465775187926116,Banyumas,sedang
1.0,3.2223528839711864,0.0,0.0,Banyumas,sedang
1.0,3.9512744164837694,0.0,0.0,Banyumas,sedang
1.0,3.2571875305385785,8.011271562033134,0.0,Banyumas,sedang
0.9453418466524789,2.3506286864376515,16.362487602050734,0.0,Banyumas,sedang
0.3640824863492743,2.766601367350742,33.47550539122098,0.0,Banyumas,sedang
0.0065045831242290415,59.161410818045965,0.0,424.0542286582329,Banyumas,sedang
0.184044665169666,4.963303726264525,102.0039104146132,1699.3516867775454,Banyumas,sedang
0.9730252793308042,5.981188727240604,45.65357568688395,558.1277807797749,Banyumas,rendah
1.0,5.718977910742364,72.86813332118027,721.2578609930807,Banyumas,sedang
1.0,4.479280692820424,211.20042720028684,491.1868234159696,Banyumas,sedang
1.0,9.75259430150193,242.8345894122626,117.32975348226293,Banyumas,sedang
1.0,7.292844676088995,243.4469162396183,52.446727799399575,Banyumas,sedang
1.0,7.321334891808231,103.97558673494368,7.934276238347423,Banyumas,tinggi
1.0,4.049980180029597,77.13216968044746,0.0,Banyumas,sedang
1.0,1.9066159656096457,22.748467863271678,0.0,Banyumas,sedang
1.0,0.0,2.8286180033833452,0.0,Banyumas,sedang
1.0,0.0,0.0,0.0,Banyumas,sedang
1.0,0.0,0.0,0.0,Banyumas,sedang
1.0,3.9743574870111726,0.0,0.0,Banyumas,sedang
0.32765281220925374,2.234332042850906,0.0,0.0,Banyumas,sedang
0.3273433514458736,7.238776602360793,61.97319689420635,827.6648581369323,Banyumas,sedang
1.0,4.960306846922325,7.673649342897634,460.3262576325198,Banyumas,rendah
1.0,6.913000473497215,84.89226784605205,550.9251182705801,Banyumas,sedang
1.0,2.5871097847024562,358.48659626734116,334.9411417272021,Banyumas,sedang
1.0,10.922954991953622,300.9241494853215,41.47428139111583,Banyumas,sedang
1.0,7.661387062270151,291.23420762939196,142.5791692692791,Banyumas,sedang
1.0,8.246235201002877,96.57943835830602,32.76240396628389,Banyumas,sedang
1.0,5.699076645503999,66.09885468038657,0.0,Banyumas,sedang
1.0,4.4604873382045644,44.191942317844145,0.0,Banyumas,sedang
1.0,1.9797295034181306,0.0,0.0,Banyumas,sedang
1.0,1.2168682596498013,22.708556392896945,0.0,Banyumas,sedang
1.0,0.0,23.45630442468823,0.0,Banyumas,sedang
0.8164771008702043,0.6643114434193673,0.0011867880802523992,0.0,Banyumas,sedang
0.04108280890667285,26.25217190924398,0.0,0.0,Banyumas,sedang
0.31879792870223966,2.1430684650913365,65.1046571306667,687.8219866318307,Banyumas,sedang
0.9929070517271193,2.7206574530619516,54.43094553832481,358.56191106858313,Banyumas,rendah
1.0,11.420947689692882,113.51033477185393,518.4852622436155,Banyumas,sedang
1.0,5.003247278993717,287.6778670510245,328.9439334452623,Banyumas,sedang
1.0,9.679725749857834,212.26933305932812,256.0453839522419,Banyumas,sedang
1.0,7.548796700371506,274.0109014344843,200.36306203336252,Banyumas,sedang
1.0,11.820691507413864,150.01081383249544,18.120320863796977,Banyumas,sedang
1.0,7.4450425849101975,94.53689610927503,0.0,Banyumas,tinggi
1.0,6.6689992953687,69.76744284544345,0.0,Banyumas,tinggi
0.9348444011449999,8.003095126017499,15.818229941555305,0.0,Banyumas,sedang
0.9968311150388909,6.405027744150021,26.562160674005902,0.0,Banyumas,sedang
1.0,2.3879902862737277,21.008120799916412,68.74217415225253,Banyumas,sedang
0.8132662215628993,0.7874455572470396,0.0017469378828208401,84.52604120228533,Banyumas,sedang
0.2523706275464798,7.255724578039363,311.87538198582405,634.5262749580335,Banyumas,sedang
0.9760361308816321,8.42697371702805,168.5750740386591,398.99527982613523,Banyumas,sedang
1.0,3.456320529074674,150.67970205729625,531.140581033213,Banyumas,sedang
1.0,9.786048844598758,130.83963016333757,491.45723632120513,Banyumas,sedang
1.0,8.30902264614282,134.0003121413378,314.3941579682073,Banyumas,sedang
1.0,5.184038013487912,126.83164957906641,62.94284935695544,Banyumas,sedang
0.7159950453122368,5.537419546532464,38.594397134857964,20.042883777668358,Banyumas,sedang
0.40984846078233084,8.485077743925174,88.53884465999994,0.0,Banyumas,tinggi
0.021281496562915475,35.76967691129842,0.159277545135464,0.0,Banyumas,sedang
0.38802023164699356,1.1114124677103545,29.589351854825452,0.0,Banyumas,sedang
1.0,1.9501159354573,4.20080939871518,68.74217415225253,Banyumas,sedang
0.9932062063381719,3.1733682476256493,3.6669200448920822,91.56685299545796,Banyumas,sedang
0.23993361773027744,7.668649537521684,1.3425943886204827,247.14979716409374,Banyumas,sedang
0.7330536354752832,4.810459561977272,161.81920510856537,409.8328109054609,Banyumas,sedang
1.0,2.4272725881208617,161.72171511607826,430.4404666503967,Banyumas,sedang
1.0,7.355880739823708,131.97950498105806,490.6949011381802,Banyumas,sedang
1.0,5.96180621220156,108.12953809750658,316.4791529976814,Banyumas,sedang
0.584083308284199,6.995048557435578,169.2183755827116,108.69049938649775,Banyumas,sedang
0.02428044222536887,0.0,37.640478114590806,0.020298034916987544,Banyumas,sedang
0.04278051711023906,10.080535540630791,98.19445117716357,0.0,Banyumas,tinggi
0.6822980466602334,0.0,6.156853913443889,0.0,Banyumas,sedang
0.804682677721441,0.0,4.526017332752162,0.0007366457544883475,Banyumas,sedang
0.033388497583769494,0.0,0.0,0.0,Banyumas,sedang
0.4102626251044794,9.3730874037886,262.8250530349311,138.3717016045886,Banyumas,sedang
0.9115388724670304,7.524573382344326,177.62282819350443,249.4264446363198,Banyumas,sedang
0.892171344311229,5.93731982217243,167.8587445030092,268.36517660347846,Banyumas,sedang
0.5536273987399163,6.891308040600598,158.79995761383822,348.8003038128948,Banyumas,sedang
0.024585929075553556,86.32109782734797,1969.384392196442,605.7955611191468,Banyumas,sedang
0.09688453618189206,11.522638924218825,0.0103131861367664,340.92185230588194,Banyumas,sedang
0.05355187095438654,0.0,754.9161890643065,616.7862101972242,Banyumas,sedang
0.49989168085988245,14.845946428619822,227.4758211828805,0.0,JakartaPusat,tinggi
0.5434695681240596,17.308880223915782,143.07827446940945,7.386436759293995,JakartaPusat,tinggi
0.617768830467043,21.007236805366553,217.33559671378754,5.424453529300464,JakartaPusat,tinggi
0.030704350190433934,60.897210572631884,4349.463994215016,5.70845056679831,JakartaPusat,tinggi
0.001297069980003317,1093.7917465621274,37455.69091695963,0.0,JakartaPusat,tinggi
0.10539912653745967,26.956054098498157,430.6417599895825,0.0,JakartaPusat,tinggi
0.48022840164995045,12.323529331266545,258.94055633786064,0.0,JakartaPusat,tinggi
1.0,19.017789112169044,269.0805206555598,1.3485770290471286,JakartaPusat,tinggi
1.0,24.085041621782935,245.4671963626846,6.2481596774428345,JakartaPusat,tinggi
0.7135190490613073,10.029286124539027,402.8256052626933,0.8300784220377787,JakartaPusat,tinggi
0.19109772230862032,9.622009090563344,837.0356293237506,0.0,JakartaPusat,tinggi
0.09010725906085597,38.5648661040404,1704.1016043742857,0.0,JakartaPusat,tinggi
0.6974019591967104,29.848771024909947,490.8410449309298,1.2249319536244652,JakartaPusat,tinggi
0.5317270143023138,21.599948961099358,373.1715770189763,0.49433112037426147,JakartaPusat,tinggi
0.010245254633770313,241.88479007730143,0.0,0.0,JakartaPusat,sedang
0.7204535909714372,28.078130287977203,332.28993787067105,6.154508993324854,JakartaPusat,tinggi
1.0,16.848387011085787,295.2855875060365,2.0993909658206427,JakartaPusat,tinggi
1.0,19.63356563029728,577.0045894728682,0.5953489586023486,JakartaPusat,tinggi
0.9615019941737687,23.422102468895893,529.366105268575,0.0,JakartaPusat,tinggi
0.986252098265088,23.284960374217395,415.82063307718363,2.482782362539955,JakartaPusat,tinggi
1.0,22.880285149031895,495.7883417209748,2.5805833282087183,JakartaPusat,tinggi
0.6083044058662489,22.725729517771832,433.80432078445307,1.7506837295785702,JakartaPusat,tinggi
0.03396563869372877,32.63741409938608,1470.440748784802,0.0,JakartaPusat,tinggi
0.4187670773638656,21.45140600818778,364.6287167871296,11.325981657558193,JakartaPusat,sedang
1.0,19.793747154647395,501.05867717703205,0.0,JakartaPusat,tinggi
1.0,18.51905125835646,618.5017787236785,1.3189368736019342,JakartaPusat,tinggi
1.0,19.044599061744417,463.8218575116999,5.178305760504824,JakartaPusat,tinggi
1.0,17.96087586912418,523.1350638263647,3.1279245163105776,JakartaPusat,tinggi
0.6036213357359353,28.289462080208434,611.8511075730707,1.302437569615102,JakartaPusat,tinggi
0.06380547010093478,37.91744805770067,5169.16295585508,0.0,JakartaPusat,tinggi
0.3804659255516008,21.08231972335027,544.6868310687605,0.0,JakartaPusat,tinggi
0.17605900095694452,28.376845948615593,678.3193861318991,0.0,JakartaPusat,tinggi
0.28866999291481504,24.871860428797792,856.03910259108,0.0,JakartaPusat,tinggi
1.0,18.609116440143346,572.954091435012,0.0,JakartaPusat,tinggi
1.0,15.95479854399213,653.2339994716189,0.6286096807007172,JakartaPusat,tinggi
1.0,16.88647568504807,479.55161689609724,2.415936403485741,JakartaPusat,tinggi
1.0,15.280982309477078,336.0253467776935,7.8038626143285414,JakartaPusat,tinggi
0.9974963428472301,19.366562782218985,336.5237593579082,0.0,JakartaPusat,tinggi
1.0,25.700407673223523,455.0317944666273,0.0,JakartaPusat,tinggi
0.758798124435487,20.909485381904737,438.1214062773626,1.2634408662014267,JakartaPusat,tinggi
0.11485458166262465,37.66388373904736,1039.7864127258617,0.0,JakartaPusat,tinggi
0.5427961781646475,16.538510669642815,579.2440223464083,0.0,JakartaPusat,tinggi
1.0,14.93887215745723,494.79532877019557,1.1099208826653602,JakartaPusat,tinggi
1.0,16.044591860893423,655.5553417252638,1.2908519433110914,JakartaPusat,tinggi
1.0,23.467614809135448,538.9752539411886,5.006771822573341,JakartaPusat,tinggi
1.0,17.779274007677728,411.9830160668693,5.285061558384249,JakartaPusat,tinggi
1.0,23.41198406229835,534.0915704729856,2.0149018540574697,JakartaPusat,tinggi
0.7211911589886313,22.438377085208455,204.41857905690392,7.476748880636803,JakartaPusat,tinggi
0.36415837008078583,21.256503145312593,343.836452289094,6.910945125452115,JakartaPusat,tinggi
0.519831906970815,20.384935823938555,378.67318053856314,0.0,JakartaPusat,tinggi
0.909827159155084,15.25699600960667,516.6644383447075,3.481385670346102,JakartaPusat,tinggi
1.0,16.839810227016986,560.5724273348787,0.0,JakartaPusat,tinggi
1.0,27.558436882896192,574.0313387923604,0.0,JakartaPusat,tinggi
1.0,26.62495134959245,691.336376901739,0.67811253347231,JakartaPusat,tinggi
1.0,23.11261516361508,532.5573802271219,1.783948145927678,JakartaPusat,tinggi
0.44470749365566287,28.181426226700566,550.619655427445,6.191966702283712,JakartaPusat,tinggi
0.020895190429346337,64.76002846528017,2058.0797449883407,0.0,JakartaPusat,tinggi
0.2791055951204701,28.32547462183809,844.9876257148825,11.161756323071135,JakartaPusat,sedang
0.9999732300379275,20.759074821429007,619.1259839524145,1.194392809006988,JakartaPusat,tinggi
1.0,22.645791351920916,636.1319540203963,0.0,JakartaPusat,tinggi
1.0,25.544510835485866,838.0634165391958,0.04997022859105345,JakartaPusat,tinggi
1.0,22.290170979703245,523.2844537746744,0.7950501091185754,JakartaPusat,tinggi
0.38989671741064796,26.758864940226303,796.3927933002325,3.205816919024379,JakartaPusat,tinggi
0.9315375580148507,23.988140212409537,455.64335815764593,5.7815100736673735,JakartaPusat,tinggi
1.0,27.17711931020004,530.9345823560716,3.7267064350645445,JakartaPusat,tinggi
1.0,26.028210246147633,660.2975680851576,1.5737276195163883,JakartaPusat,tinggi
0.8054153674663626,28.05373369055404,449.1776690329767,1.6696736237699694,JakartaPusat,tinggi
0.00788458535977389,46.85978595902654,27047.213666656382,0.0,JakartaPusat,tinggi
0.23762225683658245,27.3708415346898,958.3820743486613,11.054220086429563,JakartaPusat,sedang
0.31347306488178833,36.024907028419165,1021.5045381552815,0.0,JakartaPusat,tinggi
0.5057773778639951,37.7041664525672,723.8711576567679,3.112018186742906,JakartaPusat,tinggi
0.2777256021610479,46.39490429580519,528.4600109686997,0.0,JakartaPusat,tinggi
0.08563745458242848,17.7944530828087,0.0,0.0,Yogyakarta,sedang
0.26085362836427894,18.059826037372748,0.0,0.0,Yogyakarta,sedang
0.8993820509639789,12.594275155237119,270.1208705692516,1.332534994814613,Yogyakarta,tinggi
0.6551411353509171,14.04140675611459,457.9591322507895,0.0,Yogyakarta,tinggi
0.45697396159321313,15.016854351915297,451.28220837956707,3.943373322408436,Yogyakarta,tinggi
0.32041214993396316,14.528691130611886,121.2190207543325,18.071012991000824,Yogyakarta,sedang
0.2272637209784865,12.342622264807288,0.0,11.197338480696867,Yogyakarta,sedang
0.011222898447963817,25.02139117977212,0.0,0.0,Yogyakarta,sedang
0.4014972936200685,14.648545880426743,0.0,0.9150323524253123,Yogyakarta,sedang
1.0,18.24221674775047,165.40269323568134,1.8102896555595611,Yogyakarta,tinggi
1.0,17.469104205180855,366.1991862040936,1.8604334018538116,Yogyakarta,tinggi
1.0,15.073807914340382,436.7174825392346,0.0,Yogyakarta,tinggi
1.0,13.604712526688497,353.0112118285411,8.326543568028809,Yogyakarta,tinggi
1.0,16.682376609755146,135.03701318265416,3.898458076769723,Yogyakarta,tinggi
0.7827763495818348,14.99983607828217,2.0227621708729613,0.0,Yogyakarta,sedang
0.0018391030996063565,73.94717600584553,0.0,0.0,Yogyakarta,sedang
0.39994887563442677,14.156872645589242,0.0,1.645005208447548,Yogyakarta,sedang
1.0,13.889965763256038,323.95752541570243,0.0,Yogyakarta,tinggi
1.0,16.157309968801083,507.9833624350507,7.904603625609114,Yogyakarta,tinggi
1.0,15.701867779990819,541.9500242014694,6.044170223755301,Yogyakarta,tinggi
1.0,14.367375999770251,287.53330237829556,6.251085256996921,Yogyakarta,tinggi
1.0,17.49152576044725,91.63708600722399,3.0289717836999515,Yogyakarta,tinggi
0.5853647485591736,12.528201870064702,16.39273170142286,3.5963347624356143,Yogyakarta,sedang
0.007997250553231708,67.09797138904824,24.64359353886632,191.40965200872319,Yogyakarta,sedang
0.666625631251183,19.025986974076616,0.0,2.2962677605834014,Yogyakarta,sedang
1.0,16.729910919467724,179.6065786332435,1.7587819274578302,Yogyakarta,tinggi
1.0,15.141430243784097,212.35617955714042,4.368794638608869,Yogyakarta,tinggi
1.0,14.996120346255045,183.44338734691294,0.0,Yogyakarta,tinggi
1.0,17.955673025666588,1.47515173025012,12.289837906023926,Yogyakarta,sedang
0.9294246510649458,13.931469291625996,4.172412108650363,4.167542470572471,Yogyakarta,sedang
0.0733796178731464,15.943439626428976,12.95894214773009,0.0,Yogyakarta,sedang
0.30994914681964886,18.675195349392176,32.360464536220704,4.9681391076696295,Yogyakarta,sedang
0.889126942036236,13.567974887212316,0.2523546457675155,6.246844817148054,Yogyakarta,sedang
1.0,15.619842706951015,417.0549562351375,4.802258139736883,Yogyakarta,tinggi
1.0,19.711978638535786,475.78348021119234,1.3110439231342415,Yogyakarta,tinggi
1.0,17.632447562039424,346.3890572737347,8.254566753309453,Yogyakarta,tinggi
1.0,20.451452349952735,7.760139970183315,7.449972756993259,Yogyakarta,sedang
0.6227049708481225,16.343170797242923,16.269493758685986,0.0,Yogyakarta,sedang
0.40933798371955343,19.0465701477491,19.486950833214905,0.0017016641788630176,Yogyakarta,sedang
0.7621613926201218,15.251061616174297,1.5963582299207615,1.4512705844500464,Yogyakarta,sedang
1.0,17.69769780406335,326.56744110040177,1.4108863161099052,Yogyakarta,tinggi
1.0,14.104581115116584,368.46810492797385,0.0,Yogyakarta,tinggi
0.8702222901231177,15.782891015559004,288.4931824017431,0.0,Yogyakarta,tinggi
0.6487673880949194,15.802419686355357,0.0,0.0,Yogyakarta,sedang
0.1110456561351106,24.357777083376952,91.23359696654538,0.0,Yogyakarta,tinggi
0.08759136317751903,14.671746223085163,0.0,0.0,Yogyakarta,sedang
0.6206811815197684,11.32077755337753,1.9602376354602744,0.3202058645455266,Yogyakarta,sedang
0.37010391849862223,16.316496779970716,581.8342135733939,0.0,Yogyakarta,tinggi
0.3498933208488937,18.936892820650193,680.8020316222361,2.078614846940763,Yogyakarta,tinggi
0.06521768422566668,26.52235971820005,2304.5693885002647,0.0,Yogyakarta,tinggi
